burst_time,io_frequency,memory_usage,process_type
107,14,1910,0
184,10,1334,0
97,1,1034,0
19,6,459,1
111,3,1476,0
76,10,1743,0
193,1,533,0
25,15,1377,1
107,6,673,0
126,12,705,0
79,4,817,0
92,16,2040,0
121,11,67,0
104,18,233,0
108,6,454,0
156,5,848,0
135,7,1970,0
154,12,1204,0
57,4,528,0
6,1,1866,0
92,8,1830,0
162,10,57,0
42,5,754,0
134,6,1391,0
196,6,1464,0
192,18,1592,0
25,5,1209,1
165,10,580,0
62,10,962,0
26,6,1724,1
93,1,1440,0
53,18,1562,1
63,3,738,0
174,5,1084,0
192,16,602,0
19,4,495,1
194,6,1187,0
194,8,1765,0
179,0,755,0
194,0,245,0
55,18,909,1
112,5,1810,0
59,17,1916,1
68,9,1396,0
135,10,2009,0
55,0,1846,0
139,0,1585,0
25,12,677,1
77,4,1030,0
171,19,1735,0
22,0,679,0
136,19,1238,0
93,2,1325,0
64,17,1852,1
18,8,93,1
13,13,1543,1
94,16,538,0
57,13,230,1
134,3,1150,0
88,4,423,0
96,16,677,0
115,1,1006,0
192,4,116,0
176,3,1598,0
12,3,1165,1
179,5,1831,0
39,19,828,1
85,12,700,0
168,4,1926,0
54,6,1317,0
108,19,390,0
136,0,952,0
6,13,1858,1
138,3,1377,0
58,16,447,1
110,13,752,0
8,15,1521,1
58,13,146,1
195,15,1404,0
150,19,1278,0
48,7,498,0
166,2,1491,0
194,18,1722,0
18,0,126,0
99,1,945,0
52,14,598,1
19,9,847,1
194,17,1498,0
44,13,1502,1
86,16,1558,0
115,12,864,0
57,0,1071,0
28,4,184,0
158,12,703,0
192,13,1327,0
128,2,1633,0
45,14,1328,1
161,18,695,0
19,16,1875,1
49,2,769,0
69,15,1572,1
93,13,662,0
75,11,533,0
13,11,1119,1
92,10,1516,0
133,16,1655,0
140,7,697,0
67,16,841,1
143,19,628,0
85,10,1077,0
140,1,1809,0
167,9,50,0
167,9,1363,0
37,10,158,1
127,5,1850,0
9,3,1648,1
45,11,509,1
32,10,315,1
139,12,1211,0
76,4,1507,0
16,5,93,1
166,0,935,0
37,5,1583,0
52,17,993,1
155,8,1032,0
66,14,311,1
41,7,777,0
103,18,682,0
176,15,201,0
108,5,262,0
39,5,1065,0
197,2,1307,0
105,9,912,0
179,0,672,0
135,13,2027,0
5,3,410,1
9,11,369,1
146,5,271,0
107,10,2025,0
31,11,1811,1
141,9,259,0
19,17,1469,1
94,6,980,0
46,6,1656,0
128,10,538,0
183,3,1945,0
67,19,650,1
100,0,823,0
56,12,2034,1
100,17,927,0
136,8,1537,0
155,8,749,0
147,8,1697,0
175,9,501,0
33,1,462,0
40,5,2007,0
17,14,1824,1
164,2,525,0
75,10,305,0
191,5,1223,0
90,2,176,0
32,10,441,1
70,14,1904,1
174,12,529,0
49,19,1042,1
66,9,1470,0
189,5,972,0
138,14,451,0
32,17,323,1
32,17,894,1
112,6,2031,0
48,14,1983,1
88,17,188,0
34,17,152,1
194,19,1315,0
79,8,1190,0
132,1,1287,0
96,7,533,0
194,19,578,0
133,1,1764,0
125,10,273,0
31,6,1343,0
194,5,1898,0
125,9,1934,0
120,4,1207,0
7,10,163,1
107,0,1514,0
159,1,693,0
141,0,700,0
66,18,1438,1
169,1,1305,0
55,19,507,1
176,3,424,0
156,11,1677,0
63,19,1852,1
122,17,660,0
164,0,256,0
100,0,1593,0
184,13,1541,0
117,3,1955,0
66,4,1516,0
190,10,966,0
56,12,370,1
16,15,142,1
43,12,1481,1
134,1,1231,0
135,15,921,0
117,5,148,0
105,13,274,0
117,0,901,0
188,16,490,0
85,10,769,0
191,18,634,0
117,2,1474,0
6,10,1644,1
134,4,1872,0
58,16,113,1
91,6,817,0
133,9,609,0
151,10,1352,0
130,2,1783,0
134,19,719,0
57,9,1896,0
176,9,1592,0
164,13,1321,0
164,11,417,0
72,14,793,0
187,9,667,0
188,9,1055,0
127,18,2044,0
149,0,1171,0
42,9,1341,1
28,1,1133,0
73,16,549,1
120,6,1381,0
102,6,1566,0
143,19,1056,0
148,8,460,0
101,1,1067,0
128,13,1213,0
191,16,1982,0
74,0,1401,0
97,8,513,0
7,19,751,1
152,18,1710,0
191,3,1998,0
168,7,212,0
151,12,109,0
94,3,1998,0
199,8,1104,0
151,8,382,0
152,17,125,0
100,11,1828,0
56,9,366,0
165,10,1843,0
172,6,1490,0
132,8,2041,0
43,5,239,0
86,18,1562,1
108,15,1962,0
133,14,1388,0
15,6,345,1
189,15,550,0
182,4,226,0
155,15,849,0
163,0,855,0
46,18,909,1
103,4,1792,0
11,6,264,1
148,18,1929,0
94,4,702,0
116,16,646,0
64,7,1767,0
117,0,1405,0
6,1,177,0
133,14,1342,0
52,19,600,1
144,17,1608,0
41,10,1827,1
164,9,1439,0
13,3,668,1
103,4,397,0
151,3,191,0
52,12,1218,1
135,12,841,0
152,17,294,0
156,1,1515,0
58,15,752,1
124,0,1363,0
165,18,1764,0
156,8,1185,0
120,2,263,0
79,6,1723,0
117,9,1959,0
168,0,249,0
170,9,454,0
108,8,470,0
88,14,56,0
116,14,1931,0
103,2,1598,0
157,4,641,0
97,8,335,0
150,8,720,0
132,6,438,0
114,11,465,0
86,8,833,0
198,5,1056,0
58,1,1786,0
167,8,1223,0
193,16,2033,0
173,0,1064,0
165,18,477,0
72,5,1881,0
37,4,1054,0
146,1,1366,0
25,8,383,1
52,13,321,1
152,3,1116,0
132,3,1541,0
140,14,368,0
139,7,1565,0
199,3,576,0
149,15,809,0
132,3,1245,0
37,15,1803,1
180,11,1722,0
191,15,370,0
119,18,788,0
123,7,1117,0
26,5,1605,0
162,9,1704,0
42,4,503,0
113,17,795,0
55,9,2043,0
186,9,1953,0
12,6,1964,1
31,17,978,1
31,0,897,0
25,6,917,1
34,0,823,0
101,14,132,0
32,3,592,0
115,19,371,0
196,9,835,0
65,8,1307,0
52,1,589,0
151,13,301,0
8,15,885,1
39,0,1838,0
196,1,498,0
53,6,1312,0
21,9,539,1
176,19,1955,0
162,0,513,0
50,12,2014,1
121,0,363,0
10,4,1248,1
103,15,1779,0
128,14,1253,0
41,16,2005,1
28,15,434,1
97,12,344,0
50,10,1288,1
185,16,1035,0
99,16,1788,0
103,1,811,0
192,12,1947,0
120,13,818,0
195,10,1148,0
164,9,393,0
165,2,1787,0
71,16,191,1
132,14,767,0
22,8,1272,1
29,9,1992,1
58,7,1244,0
62,12,455,0
71,17,1901,1
108,4,277,0
178,5,460,0
28,16,1001,1
118,10,947,0
36,19,2008,1
179,15,740,0
90,8,927,0
155,1,836,0
198,4,111,0
131,0,1400,0
159,3,1789,0
134,3,2036,0
21,2,2032,0
108,8,928,0
165,11,1206,0
141,9,1657,0
47,1,1663,0
180,10,1262,0
43,9,405,1
174,5,120,0
30,17,312,1
103,1,355,0
54,1,607,0
157,9,1297,0
156,15,1401,0
17,11,811,1
64,0,637,0
139,7,123,0
61,15,1584,1
40,17,191,1
177,12,1658,0
24,14,151,1
69,11,1679,0
12,7,1654,1
148,9,1138,0
146,13,242,0
119,4,1002,0
147,17,1135,0
96,18,1605,0
102,14,1314,0
70,5,1788,0
36,10,459,1
195,10,349,0
90,19,1268,1
55,19,503,1
157,17,623,0
190,17,668,0
67,9,686,0
194,1,350,0
129,8,828,0
154,13,1529,0
62,18,1038,1
62,9,251,0
90,3,723,0
53,5,1929,0
184,13,351,0
174,3,1697,0
74,14,386,0
19,15,81,1
58,6,2044,0
192,16,1171,0
105,18,1832,0
12,18,822,1
57,16,1264,1
64,5,1614,0
112,10,1121,0
9,15,1323,1
107,7,1299,0
10,10,1345,1
113,6,714,0
120,18,1558,0
98,9,377,0
51,8,846,0
103,3,1253,0
59,14,863,1
172,12,714,0
56,1,795,0
148,1,1096,0
17,15,979,1
118,8,1012,0
128,12,1679,0
110,2,1443,0
162,8,1318,0
151,12,1875,0
149,1,1233,0
124,7,422,0
67,8,334,0
23,15,570,1
96,1,1523,0
62,5,746,0
187,7,856,0
94,4,696,0
121,8,1695,0
66,0,1654,0
27,8,185,1
131,9,145,0
141,3,1192,0
144,2,1447,0
133,9,323,0
62,14,1943,1
126,10,927,0
5,13,899,1
38,5,1250,0
100,11,1946,0
130,12,1822,0
122,16,833,0
52,15,1350,1
93,2,1211,0
121,1,1947,0
133,10,181,0
20,8,1117,1
193,2,1196,0
196,17,1209,0
195,19,1440,0
73,14,422,0
26,13,1199,1
97,1,1512,0
199,16,1860,0
80,7,1649,0
158,9,857,0
148,17,793,0
183,18,100,0
90,7,1210,0
189,7,1231,0
33,2,105,0
73,2,1666,0
51,11,793,1
98,16,477,0
194,3,492,0
148,16,1984,0
180,13,2037,0
89,18,375,1
43,8,689,0
104,11,1711,0
37,4,878,0
105,10,129,0
27,19,523,1
14,2,426,0
73,14,1942,0
104,13,968,0
38,10,382,1
184,19,1248,0
142,7,1730,0
151,3,490,0
190,11,175,0
100,7,1767,0
5,5,268,1
73,14,997,0
8,11,327,1
20,15,1558,1
28,15,644,1
84,19,984,1
6,19,190,1
132,3,895,0
164,10,1057,0
88,12,1680,0
156,8,926,0
144,3,1779,0
182,11,159,0
167,8,1125,0
128,12,1688,0
37,15,662,1
165,5,1727,0
193,9,762,0
183,12,2043,0
175,6,1392,0
105,18,1272,0
16,18,845,1
71,16,778,1
69,12,1119,0
165,12,554,0
172,1,1613,0
78,9,1587,0
47,12,1968,1
48,8,1090,0
33,0,364,0
145,13,1509,0
16,15,1461,1
99,19,126,0
50,14,1027,1
134,0,948,0
39,16,1444,1
85,12,1238,0
94,14,1682,0
12,15,1690,1
97,15,1097,0
158,1,761,0
94,16,1108,0
166,10,1587,0
119,7,1874,0
109,19,1917,0
139,2,903,0
62,11,1534,0
118,19,1211,0
79,15,1922,0
161,13,1647,0
124,15,1884,0
168,16,758,0
25,10,1962,1
168,16,1644,0
142,18,314,0
105,0,382,0
156,11,237,0
196,14,1136,0
181,17,869,0
103,13,1352,0
40,0,1615,0
100,12,1244,0
156,14,1576,0
155,6,2037,0
194,14,1606,0
41,19,348,1
16,9,250,1
117,13,1208,0
187,5,321,0
17,13,584,1
27,11,1515,1
103,10,1160,0
109,19,80,0
34,18,1194,1
21,1,118,0
117,19,1719,0
66,0,932,0
88,7,1010,0
116,13,876,0
90,8,1569,0
145,1,973,0
191,4,1219,0
23,7,1033,1
181,15,1406,0
104,15,530,0
144,12,1979,0
193,19,1336,0
151,14,342,0
80,0,1502,0
13,2,135,0
32,5,1089,0
132,13,777,0
56,3,677,0
87,17,167,0
115,14,319,0
148,8,1468,0
121,17,1028,0
73,2,904,0
103,9,211,0
144,16,749,0
29,6,1177,1
184,14,1726,0
127,0,216,0
57,10,349,0
155,16,77,0
148,4,1497,0
61,6,1857,0
43,18,611,1
113,14,932,0
185,2,205,0
46,14,1397,1
190,4,1421,0
171,11,1194,0
146,19,2029,0
126,4,701,0
137,2,1601,0
167,8,870,0
79,8,2023,0
150,6,610,0
80,1,1237,0
13,15,1135,1
78,8,1413,0
190,12,1739,0
149,18,361,0
11,19,425,1
178,16,1419,0
145,5,199,0
172,3,1961,0
174,0,634,0
141,17,630,0
182,18,1026,0
31,8,226,1
126,12,403,0
198,7,563,0
9,12,358,1
33,14,168,1
169,10,1592,0
170,11,816,0
87,13,1045,0
140,3,1022,0
113,0,965,0
69,3,527,0
90,18,1487,1
149,8,636,0
75,9,400,0
49,3,1579,0
136,19,244,0
40,8,1260,1
74,12,1523,0
163,11,545,0
23,10,564,1
193,11,745,0
112,17,1920,0
186,11,322,0
171,15,929,0
95,4,101,0
94,19,312,1
23,11,1441,1
43,10,182,1
130,8,1043,0
199,17,1298,0
177,2,359,0
145,19,1646,0
130,16,1950,0
62,13,65,1
152,0,1814,0
65,16,244,1
131,7,1836,0
109,4,1516,0
171,4,352,0
5,8,1121,1
135,2,1820,0
96,18,1194,0
194,8,1572,0
195,17,881,0
117,15,611,0
157,0,1542,0
60,1,90,0
165,13,1529,0
170,13,583,0
121,0,420,0
138,15,1255,0
62,14,566,1
48,14,706,1
177,11,1942,0
164,15,639,0
177,13,280,0
65,14,858,1
51,14,1421,1
153,18,528,0
84,7,1282,0
122,1,724,0
168,1,1753,0
151,9,327,0
24,2,1822,0
189,16,1761,0
150,7,102,0
51,3,1934,0
53,13,1083,1
18,9,1731,1
147,0,1812,0
163,3,797,0
5,0,513,0
121,16,803,0
58,16,1890,1
122,6,632,0
7,19,207,1
148,14,68,0
189,12,104,0
16,1,2029,0
78,18,1800,1
20,12,2041,1
106,10,770,0
156,14,1094,0
160,9,1355,0
121,8,810,0
12,8,1613,1
126,19,1068,0
96,0,2008,0
168,16,1490,0
94,11,857,0
140,9,772,0
190,4,334,0
64,17,1605,1
182,14,1605,0
32,5,560,0
105,6,1915,0
45,16,1071,1
196,5,1469,0
159,7,169,0
195,11,146,0
149,13,169,0
165,11,1610,0
161,9,1226,0
145,19,1318,0
50,14,1845,1
39,6,1589,0
138,8,442,0
86,9,1216,0
119,9,1577,0
51,15,843,1
157,6,1920,0
198,4,1931,0
14,2,269,0
60,17,888,1
34,10,209,1
113,14,1149,0
9,19,660,1
123,4,1765,0
37,11,688,1
122,3,1105,0
69,14,826,1
150,8,383,0
181,6,1598,0
15,9,1513,1
89,12,941,0
30,7,989,1
67,11,401,0
90,18,1412,1
63,0,975,0
31,15,1473,1
181,16,445,0
165,17,1275,0
102,10,2035,0
109,17,579,0
103,6,1982,0
133,17,1166,0
153,7,1865,0
59,5,407,0
10,6,1469,1
99,9,877,0
137,10,109,0
106,12,526,0
7,8,1799,1
185,6,661,0
27,8,50,1
57,12,1628,1
169,2,360,0
87,2,217,0
149,0,241,0
89,19,1107,1
82,1,1107,0
114,2,1761,0
5,14,1490,1
55,5,757,0
177,12,1231,0
8,0,1830,0
194,19,1573,0
197,18,415,0
117,0,1413,0
36,1,907,0
38,14,1408,1
96,13,1656,0
99,18,376,0
76,10,163,0
43,14,846,1
158,5,968,0
166,19,1491,0
186,8,1541,0
122,4,1216,0
7,19,658,1
127,1,358,0
54,5,450,0
16,17,1393,1
197,18,261,0
58,8,366,0
137,5,234,0
61,13,1278,1
149,12,1437,0
116,10,1289,0
51,11,295,1
155,18,288,0
89,18,1878,1
146,18,1464,0
70,12,569,0
79,13,1663,0
183,17,1909,0
107,11,326,0
170,3,2030,0
196,9,1055,0
42,16,251,1
54,3,263,0
102,11,655,0
86,12,527,0
34,3,557,0
83,9,1148,0
95,2,718,0
183,14,714,0
195,1,2027,0
56,16,191,1
170,5,1663,0
83,7,371,0
34,2,1767,0
110,17,510,0
55,0,756,0
85,15,719,0
137,6,1219,0
33,2,103,0
136,3,1429,0
142,8,326,0
188,4,1894,0
149,18,1668,0
78,14,449,0
21,7,717,1
88,5,565,0
73,17,1572,1
38,18,1384,1
10,14,1344,1
57,6,625,0
198,9,1522,0
130,5,161,0
47,13,288,1
119,16,1217,0
115,8,1447,0
155,18,1093,0
187,4,1649,0
84,6,1362,0
99,18,1666,0
122,19,246,0
148,6,431,0
12,1,1654,0
136,15,1771,0
108,12,1752,0
136,7,1790,0
188,5,1565,0
29,5,213,0
199,8,655,0
100,3,1322,0
199,10,1141,0
159,4,904,0
97,16,1094,0
164,19,880,0
182,6,1585,0
65,14,646,1
126,14,1463,0
55,13,585,1
151,12,160,0
25,10,998,1
9,12,912,1
96,8,644,0
174,9,1943,0
65,3,1071,0
26,16,509,1
153,13,1151,0
74,17,483,1
5,10,1453,1
137,15,1725,0
16,0,1513,0
94,6,937,0
50,9,832,0
38,8,1412,1
181,2,1037,0
82,13,1497,0
49,14,218,1
159,1,758,0
77,13,1014,0
30,15,1335,1
51,6,776,0
125,3,1652,0
60,17,278,1
98,4,1234,0
111,5,476,0
67,6,171,0
52,14,198,1
65,0,901,0
85,3,754,0
30,0,1816,0
40,10,160,1
5,17,1730,1
12,13,1294,1
117,10,1977,0
103,9,113,0
184,16,687,0
51,3,1803,0
131,14,1869,0
60,15,1427,1
18,12,1547,1
32,8,958,1
82,10,1821,0
134,10,1558,0
113,5,62,0
158,0,983,0
18,5,1226,1
191,12,288,0
60,4,1263,0
119,14,712,0
11,17,1159,1
7,19,1094,1
115,13,743,0
155,14,1392,0
111,4,1231,0
22,3,1020,0
42,1,1013,0
119,6,1554,0
19,9,1952,1
196,15,125,0
123,9,378,0
32,17,1489,1
43,16,1276,1
189,12,1302,0
21,0,201,0
90,0,1848,0
130,14,121,0
48,0,274,0
29,5,522,0
149,12,1970,0
17,0,1716,0
29,4,409,0
72,8,589,0
142,16,860,0
71,15,658,1
113,7,1119,0
150,16,50,0
115,14,727,0
115,0,1318,0
38,11,1292,1
115,4,1687,0
12,5,340,1
172,0,1531,0
117,0,253,0
87,9,1275,0
46,9,615,0
173,2,531,0
105,16,1865,0
10,18,560,1
184,10,973,0
30,17,327,1
68,1,1054,0
191,8,65,0
188,16,1598,0
63,13,405,1
113,3,405,0
125,16,879,0
37,16,2012,1
185,11,648,0
154,19,1151,0
25,17,977,1
74,2,1140,0
116,10,908,0
8,17,1796,1
98,3,263,0
79,16,1770,1
194,17,498,0
66,4,1014,0
98,13,1506,0
99,9,1618,0
156,14,1188,0
59,0,836,0
141,15,1493,0
135,10,548,0
35,19,759,1
44,5,429,0
40,15,1216,1
156,1,789,0
10,0,681,0
70,8,1938,0
79,11,1097,0
8,16,588,1
83,14,994,0
138,18,1148,0
122,9,802,0
117,11,584,0
98,13,722,0
183,8,1114,0
66,12,1823,0
189,2,1824,0
198,13,617,0
83,9,1486,0
140,15,464,0
30,6,498,1
183,3,659,0
177,19,707,0
48,10,1847,1
137,15,485,0
74,19,1625,1
158,3,754,0
122,16,288,0
72,12,1115,0
23,10,783,1
24,2,1781,0
117,8,849,0
144,5,59,0
51,10,796,0
5,15,1910,1
94,18,1338,0
146,4,1654,0
68,13,1518,0
42,16,188,1
41,2,1940,0
130,3,780,0
143,15,245,0
104,15,1147,0
81,3,1688,0
7,18,1298,1
165,16,1708,0
138,12,1175,0
182,0,313,0
14,11,994,1
9,3,969,1
155,10,210,0
142,4,1306,0
176,1,540,0
134,16,1860,0
17,7,819,1
172,5,360,0
134,8,1724,0
88,12,276,0
69,10,322,0
67,15,987,1
105,15,366,0
77,1,1972,0
21,9,1159,1
13,11,340,1
147,7,1542,0
156,10,778,0
42,9,1944,1
167,12,1651,0
98,16,1842,0
99,6,1720,0
53,2,1477,0
73,19,1500,1
66,12,424,0
192,18,1975,0
182,6,616,0
82,8,917,0
121,18,804,0
124,12,301,0
141,7,1606,0
166,17,356,0
80,1,1503,0
39,17,724,1
5,17,917,1
44,10,313,1
68,0,117,0
154,13,1180,0
64,15,1473,1
68,10,1652,0
97,0,1272,0
76,6,1265,0
15,15,563,1
109,13,818,0
18,14,491,1
64,13,50,1
34,10,407,1
39,15,1188,1
169,18,952,0
9,16,1673,1
87,5,1270,0
127,10,1677,0
82,16,323,0
158,8,905,0
66,17,1067,1
136,16,1233,0
93,11,222,0
46,4,1618,0
93,10,1531,0
150,3,634,0
44,3,1506,0
76,2,978,0
43,16,530,1
108,6,504,0
18,3,245,0
36,12,845,1
183,11,648,0
129,0,1382,0
170,18,1809,0
101,19,605,0
27,17,897,1
67,10,1567,0
147,19,488,0
157,2,699,0
149,16,1855,0
198,11,408,0
57,9,1109,0
108,7,1107,0
108,14,1161,0
183,4,707,0
43,3,65,0
183,19,794,0
138,18,470,0
71,3,602,0
139,14,816,0
183,16,842,0
46,11,1199,1
196,2,1081,0
19,9,1545,1
115,14,1541,0
161,9,929,0
37,17,1935,1
159,0,901,0
168,2,559,0
161,11,1475,0
42,0,1909,0
189,2,1249,0
101,2,1813,0
159,4,1015,0
187,18,1908,0
37,0,963,0
90,3,1440,0
70,3,1561,0
14,16,67,1
9,13,105,1
127,17,968,0
78,0,1108,0
101,15,951,0
122,2,679,0
42,8,843,0
145,3,1839,0
163,4,1798,0
51,10,1646,0
113,8,1673,0
184,2,1856,0
188,5,396,0
19,10,1105,1
161,8,957,0
140,14,1073,0
9,2,1206,1
161,0,625,0
51,19,248,1
72,18,1329,1
80,13,1415,0
177,16,1740,0
134,13,1304,0
159,16,350,0
99,13,1066,0
119,11,1620,0
168,15,75,0
40,0,1608,0
30,12,1726,1
47,5,1547,0
31,16,1460,1
73,11,1358,0
152,18,499,0
15,5,369,1
78,6,205,0
108,0,520,0
42,0,469,0
138,4,1186,0
27,5,1975,0
51,15,700,1
94,15,1495,0
50,13,935,1
111,0,979,0
144,12,1794,0
145,19,884,0
108,9,925,0
194,9,991,0
115,8,1043,0
108,12,1671,0
64,2,1358,0
175,17,621,0
104,19,103,0
72,1,654,0
137,16,374,0
124,18,1019,0
41,12,1531,1
76,12,934,0
131,0,314,0
110,1,431,0
96,0,1286,0
35,4,382,0
126,2,1083,0
141,6,1431,0
55,12,252,1
33,17,1781,1
44,6,107,0
45,0,1567,0
15,4,1583,1
155,16,1841,0
5,7,1296,1
50,14,1442,1
105,19,1765,0
153,3,1491,0
94,1,1947,0
114,4,596,0
168,0,920,0
186,4,152,0
61,5,1234,0
5,1,1273,1
67,0,1233,0
186,3,1768,0
59,6,914,0
119,0,1209,0
172,0,2015,0
147,7,447,0
153,19,1811,0
179,15,441,0
57,12,1828,1
141,17,155,0
184,19,1656,0
61,9,1662,0
121,11,1127,0
158,0,1350,0
173,9,160,0
39,8,273,1
67,2,124,0
29,18,555,1
94,8,1087,0
79,9,2044,0
42,18,819,1
134,15,531,0
139,17,1262,0
166,13,413,0
95,2,288,0
21,1,1474,0
132,0,895,0
175,17,1034,0
191,8,1377,0
112,12,1164,0
183,1,441,0
186,6,1257,0
156,15,1090,0
29,18,1014,1
184,14,61,0
92,10,1239,0
165,0,195,0
181,6,1355,0
33,19,1622,1
67,7,1655,0
154,9,218,0
158,4,896,0
160,8,219,0
118,0,814,0
53,1,1419,0
85,18,548,1
88,13,1533,0
109,19,1370,0
181,9,2016,0
152,8,1215,0
122,9,946,0
90,5,1858,0
67,16,1810,1
193,5,1768,0
108,3,1806,0
53,19,1126,1
75,2,167,0
5,18,414,1
145,17,1744,0
183,3,2031,0
127,7,185,0
188,16,1487,0
66,4,1150,0
36,12,1921,1
162,0,2035,0
33,12,606,1
53,3,67,0
177,13,1940,0
34,2,2014,0
148,4,452,0
172,6,254,0
23,0,548,0
22,11,373,1
5,10,644,1
82,7,611,0
119,5,1354,0
179,1,1239,0
198,18,1316,0
117,19,1962,0
118,19,528,0
170,13,213,0
183,0,373,0
67,9,1641,0
136,15,600,0
133,3,880,0
12,10,689,1
161,15,1976,0
59,19,683,1
107,0,808,0
135,15,1771,0
36,18,257,1
14,8,364,1
114,8,353,0
166,8,950,0
128,16,288,0
91,11,1800,0
59,12,853,1
36,7,1297,0
182,15,1161,0
139,17,1610,0
97,0,1502,0
12,0,1293,0
69,11,324,0
61,5,1720,0
71,8,1003,0
191,4,1818,0
76,15,1139,0
58,17,1665,1
71,16,1496,1
55,17,304,1
101,0,174,0
96,18,1219,0
12,7,664,1
166,2,434,0
39,4,496,0
100,7,436,0
92,18,432,0
82,17,1350,1
36,17,1455,1
124,0,173,0
50,14,1999,1
148,17,1340,0
169,6,1863,0
186,15,1184,0
146,15,1454,0
59,14,1898,1
180,5,1674,0
11,8,1972,1
78,6,1231,0
11,13,777,1
165,10,945,0
155,15,1886,0
89,5,1621,0
151,15,1672,0
116,19,1191,0
129,15,377,0
151,11,2033,0
40,16,743,1
33,4,1141,0
192,12,1507,0
86,7,408,0
6,4,1052,1
133,11,1744,0
51,8,846,0
152,2,492,0
15,2,213,0
134,0,1022,0
199,17,410,0
123,11,634,0
144,8,1192,0
24,8,902,1
9,17,1060,1
41,17,1268,1
170,6,1674,0
141,3,1930,0
57,12,1661,1
176,16,1806,0
103,1,1724,0
90,13,1073,0
112,2,1957,0
28,4,1980,0
85,13,290,0
162,2,1582,0
124,6,715,0
63,17,614,1
132,12,1215,0
118,9,881,0
119,12,1025,0
18,15,1979,1
13,8,80,1
44,1,272,0
198,4,1877,0
29,16,315,1
107,3,1355,0
26,16,837,1
8,8,430,1
158,19,605,0
190,1,111,0
33,17,762,1
113,10,896,0
102,12,570,0
41,7,1144,0
79,0,651,0
74,16,1609,1
150,11,189,0
132,3,1389,0
89,12,1413,0
46,8,1961,0
104,6,639,0
45,4,1799,0
170,4,577,0
38,16,590,1
21,8,1489,1
169,5,1540,0
157,18,424,0
126,15,340,0
80,1,92,0
91,9,1937,0
121,15,1960,0
110,4,1126,0
90,14,1861,0
31,12,1956,1
61,12,1305,0
35,12,1285,1
138,14,57,0
172,13,1707,0
102,7,532,0
16,10,91,1
57,17,382,1
142,3,1306,0
177,9,1143,0
149,0,1952,0
158,4,1089,0
194,12,118,0
126,0,102,0
50,7,734,0
68,2,2020,0
134,2,1043,0
58,6,1847,0
111,3,1452,0
197,2,1874,0
55,14,1536,1
185,7,576,0
40,2,1855,0
119,6,1752,0
30,17,112,1
33,10,310,1
153,10,1573,0
15,16,1194,1
44,5,907,0
15,7,1313,1
168,0,1538,0
117,9,1180,0
191,18,229,0
43,2,1089,0
58,3,404,0
102,10,983,0
59,14,1382,1
115,0,776,0
156,8,638,0
154,10,1810,0
73,18,654,1
60,12,230,1
37,15,223,1
40,3,403,0
152,0,403,0
85,19,1292,1
194,12,1728,0
113,0,1388,0
158,4,483,0
198,4,954,0
77,13,331,0
44,13,308,1
21,7,917,1
133,3,608,0
65,6,54,0
175,19,1647,0
108,18,645,0
46,14,1718,1
29,3,443,0
43,18,385,1
39,8,112,1
135,12,1866,0
112,13,93,0
176,13,202,0
183,9,1999,0
106,15,1855,0
102,4,903,0
16,5,1756,1
23,1,1229,0
105,12,1551,0
48,12,324,1
191,18,1431,0
53,17,475,1
193,18,1605,0
21,0,532,0
78,7,263,0
61,15,128,1
59,1,188,0
51,7,999,0
16,5,147,1
66,15,1962,1
84,10,713,0
87,16,247,0
12,18,834,1
153,10,205,0
85,7,1123,0
122,3,528,0
29,10,277,1
93,7,2024,0
16,8,1530,1
147,1,571,0
63,15,198,1
158,5,1131,0
113,18,211,0
30,7,912,1
51,13,1550,1
36,15,1180,1
14,11,1500,1
20,4,444,1
149,18,850,0
155,17,235,0
30,8,607,1
90,1,2030,0
139,19,495,0
18,11,1714,1
83,1,1990,0
121,9,879,0
11,0,1521,0
141,3,136,0
119,11,1322,0
180,8,1914,0
76,3,1513,0
63,8,1330,0
86,5,1350,0
120,0,1863,0
171,9,487,0
150,13,565,0
191,17,1650,0
107,5,996,0
21,17,1275,1
18,19,1648,1
163,15,1728,0
156,14,805,0
112,15,1877,0
192,7,846,0
49,12,1253,1
102,10,735,0
135,6,374,0
41,16,1998,1
175,17,672,0
172,18,736,0
187,12,1548,0
112,14,1738,0
43,0,449,0
19,15,917,1
124,4,266,0
8,2,858,1
97,9,1010,0
157,18,1526,0
145,4,1050,0
165,6,1477,0
20,13,2038,1
174,2,981,0
112,12,289,0
130,12,1811,0
198,9,1259,0
59,1,97,0
174,5,1459,0
38,7,1281,0
162,3,1230,0
17,11,1298,1
145,14,1217,0
22,7,1492,1
164,6,1184,0
100,13,1903,0
127,18,924,0
43,13,1947,1
50,12,1538,1
33,0,181,0
194,18,674,0
66,0,1909,0
189,3,2020,0
20,9,650,1
188,2,722,0
125,19,383,0
14,8,1993,1
162,2,1148,0
157,5,1866,0
107,5,1485,0
88,11,1592,0
137,0,1698,0
69,15,85,1
181,4,827,0
7,8,1698,1
177,9,1877,0
146,12,272,0
124,14,1796,0
162,11,579,0
72,4,290,0
150,4,183,0
194,17,1805,0
41,11,440,1
157,2,151,0
180,6,1725,0
197,16,730,0
185,18,547,0
77,17,560,1
147,0,752,0
53,4,1043,0
125,1,1610,0
92,0,998,0
144,6,1618,0
191,10,1416,0
41,10,890,1
65,17,55,1
175,16,1007,0
128,1,243,0
43,6,791,0
188,6,1210,0
67,9,1908,0
50,2,961,0
92,11,522,0
15,2,265,0
66,10,1422,0
81,11,925,0
157,3,1256,0
56,15,1241,1
8,19,1867,1
63,17,87,1
76,3,1748,0
152,5,520,0
97,14,501,0
67,0,2028,0
58,2,1563,0
121,4,1215,0
114,16,1062,0
78,13,1833,0
111,8,2016,0
61,2,152,0
173,12,1784,0
7,2,1785,1
124,10,91,0
10,1,996,0
9,14,1220,1
9,12,115,1
58,18,992,1
51,15,242,1
181,17,1371,0
13,6,1111,1
103,12,551,0
24,3,1726,0
126,8,1691,0
65,9,1501,0
127,8,713,0
167,6,401,0
182,14,1999,0
86,7,375,0
66,18,1111,1
149,10,1170,0
7,4,157,1
164,1,680,0
17,9,200,1
124,15,1147,0
129,12,1130,0
93,7,927,0
77,8,384,0
72,10,1325,0
146,10,1992,0
105,15,853,0
102,9,1898,0
15,11,816,1
109,5,1327,0
188,11,1458,0
71,9,1529,0
127,17,308,0
33,17,831,1
141,3,1538,0
199,8,83,0
157,6,1568,0
80,17,375,1
174,7,886,0
13,10,1311,1
44,6,740,0
29,8,1689,1
9,7,1614,1
143,2,788,0
191,16,1539,0
128,1,793,0
42,14,1377,1
76,13,1935,0
137,17,896,0
180,15,166,0
94,19,1280,1
150,3,1985,0
41,19,1770,1
64,5,1554,0
180,5,699,0
32,10,452,1
85,16,1046,0
118,2,1908,0
44,12,1749,1
49,2,1973,0
66,15,1660,1
97,14,282,0
119,10,978,0
190,17,1357,0
71,14,529,0
60,4,1962,0
44,15,1840,1
102,15,1025,0
44,16,58,1
95,8,764,0
37,2,1975,0
10,19,428,1
151,12,1890,0
84,2,1676,0
172,6,430,0
96,5,893,0
101,8,1735,0
63,11,409,0
63,14,225,1
52,19,534,1
173,2,1478,0
17,9,82,1
111,0,1538,0
49,18,745,1
93,18,206,0
185,12,614,0
174,11,1881,0
104,0,251,0
195,18,1859,0
159,15,1248,0
170,14,1317,0
192,15,1342,0
11,10,972,1
137,5,1519,0
49,10,123,1
62,2,145,0
35,14,1946,1
27,0,222,0
174,6,1972,0
142,0,1479,0
164,16,204,0
111,8,1256,0
185,12,1396,0
162,10,338,0
43,19,307,1
163,5,1660,0
86,0,223,0
104,6,379,0
6,11,1304,1
81,19,808,1
16,18,1069,1
43,16,210,1
198,3,235,0
17,2,1976,0
50,0,192,0
159,17,1355,0
117,14,956,0
21,7,689,1
108,0,1751,0
102,19,76,0
192,13,1319,0
196,3,1560,0
92,4,1720,0
113,12,1970,0
167,14,251,0
74,5,1094,0
162,0,1664,0
78,18,719,1
67,12,1167,0
160,5,1081,0
64,14,521,1
83,15,1412,0
41,15,308,1
26,9,104,1
152,8,960,0
100,8,1621,0
72,16,1079,1
196,16,1450,0
21,16,603,1
16,11,1123,1
154,12,161,0
149,11,195,0
142,13,279,0
122,9,1796,0
197,18,546,0
26,1,1379,0
124,3,1615,0
54,18,510,1
18,6,856,1
196,14,1701,0
179,14,1981,0
33,5,275,0
168,2,108,0
184,5,1149,0
129,15,477,0
11,1,777,0
33,6,1205,0
143,10,981,0
37,6,547,0
138,3,865,0
115,19,959,0
83,6,1666,0
164,3,1378,0
183,11,116,0
62,4,279,0
30,18,1032,1
178,4,382,0
33,18,1978,1
8,2,326,1
103,10,1946,0
145,6,1657,0
43,16,770,1
19,8,1857,1
123,8,193,0
33,9,1324,1
161,12,1869,0
79,14,740,0
120,4,2025,0
36,2,1153,0
134,7,106,0
179,19,1439,0
88,9,357,0
26,12,223,1
31,2,1535,0
199,7,799,0
85,8,1053,0
130,11,727,0
188,10,1669,0
96,1,1566,0
25,17,609,1
51,8,1712,0
105,1,1754,0
191,1,1939,0
88,2,1447,0
10,15,2028,1
151,18,398,0
189,3,1140,0
135,17,379,0
5,19,1925,1
62,17,243,1
128,9,1228,0
170,10,1233,0
19,16,1769,1
166,19,315,0
193,15,217,0
167,19,194,0
68,12,235,0
29,1,935,0
28,1,914,0
16,13,823,1
22,3,1496,0
19,16,1056,1
31,12,835,1
76,3,506,0
64,2,1913,0
178,11,394,0
149,7,784,0
97,1,603,0
57,5,1070,0
12,9,1589,1
83,11,837,0
31,9,1869,1
178,9,985,0
54,2,754,0
135,19,1177,0
97,9,296,0
196,8,861,0
176,19,1096,0
185,18,1002,0
28,13,864,1
64,1,1598,0
126,4,193,0
135,19,779,0
152,7,1768,0
50,6,912,0
19,5,1827,1
157,10,1266,0
21,11,514,1
130,17,1857,0
88,18,424,1
13,9,726,1
170,13,741,0
180,2,678,0
192,17,1339,0
67,14,1451,1
121,5,1623,0
134,9,605,0
92,11,912,0
76,6,123,0
143,16,487,0
68,0,930,0
76,17,275,1
25,14,1892,1
22,18,357,1
68,0,1015,0
86,4,397,0
114,14,525,0
99,2,1388,0
170,0,574,0
36,7,1498,0
15,11,573,1
49,18,611,1
37,11,1898,1
106,12,2019,0
173,0,1322,0
140,18,1704,0
15,5,618,1
183,7,1255,0
92,3,2035,0
45,4,1849,0
149,6,155,0
80,3,240,0
125,19,1210,0
50,3,749,0
164,14,1193,0
84,4,1827,0
58,8,880,0
90,1,121,0
96,6,804,0
152,16,1204,0
165,15,506,0
172,16,1854,0
164,19,954,0
101,1,528,0
6,10,101,1
37,1,1053,0
162,0,623,0
165,1,1192,0
81,8,1950,0
120,1,1337,0
158,14,1312,0
154,9,1424,0
107,14,942,0
198,9,304,0
170,16,734,0
107,8,1382,0
94,17,1822,0
178,3,1904,0
126,8,1680,0
147,15,1922,0
110,3,1568,0
123,15,106,0
176,18,999,0
53,0,1476,0
108,5,1140,0
65,9,1119,0
199,15,655,0
127,3,1723,0
138,12,418,0
13,15,1678,1
10,19,281,1
77,5,1475,0
107,10,957,0
164,2,1634,0
45,19,1096,1
118,9,623,0
12,0,1340,0
76,19,890,1
182,10,167,0
96,11,2025,0
66,13,1673,0
88,7,1674,0
66,10,1128,0
115,3,1226,0
131,6,1312,0
11,9,1338,1
88,18,317,1
136,3,1980,0
138,1,162,0
62,17,215,1
26,13,717,1
158,15,1081,0
131,10,763,0
7,9,1290,1
131,16,480,0
45,13,1365,1
192,3,942,0
110,18,1123,0
18,1,156,0
16,6,1082,1
91,8,794,0
16,18,749,1
145,15,1529,0
29,15,372,1
49,17,358,1
126,10,899,0
151,6,671,0
59,8,1044,0
104,3,194,0
177,12,789,0
140,3,870,0
123,18,461,0
57,1,163,0
187,8,624,0
36,11,448,1
55,1,1348,0
48,5,173,0
86,4,135,0
150,4,1655,0
154,19,96,0
41,4,1784,0
100,3,1949,0
60,8,993,0
109,9,1274,0
63,15,1349,1
135,9,1622,0
160,9,1788,0
39,18,1203,1
193,9,1521,0
97,5,853,0
186,16,438,0
195,4,625,0
101,5,1336,0
139,14,2039,0
80,18,681,1
53,17,1351,1
98,3,763,0
163,7,1119,0
190,15,1241,0
193,18,1518,0
28,19,671,1
152,2,95,0
41,9,773,1
8,1,589,0
112,3,136,0
130,5,852,0
24,10,1458,1
192,13,1742,0
156,15,314,0
54,18,1850,1
181,1,1095,0
183,16,1841,0
100,8,752,0
109,16,1523,0
168,14,281,0
121,6,235,0
102,18,375,0
70,2,1256,0
83,0,446,0
166,3,1554,0
168,17,1476,0
10,7,1536,1
43,18,1490,1
174,5,1275,0
119,0,1138,0
190,7,1005,0
129,0,1981,0
16,18,604,1
135,10,782,0
22,14,1090,1
44,10,1909,1
25,18,846,1
147,9,1256,0
103,11,440,0
30,0,93,0
12,6,2046,1
104,16,950,0
91,9,1773,0
46,5,1975,0
176,16,531,0
18,17,1336,1
82,4,1247,0
6,17,1514,1
123,16,615,0
41,15,269,1
73,7,1631,0
170,12,1467,0
45,15,821,1
66,10,1268,0
64,5,458,0
129,2,520,0
115,0,1420,0
18,17,1535,1
88,4,1134,0
134,12,215,0
74,9,721,0
149,4,1224,0
127,13,160,0
93,16,1561,0
32,0,598,0
70,1,1076,0
167,6,1556,0
9,9,1086,1
197,19,1235,0
172,6,393,0
188,15,1522,0
168,4,381,0
49,11,313,1
155,16,132,0
51,15,826,1
35,19,973,1
143,15,383,0
14,18,1453,1
199,14,1292,0
122,11,707,0
18,9,1883,1
84,1,1882,0
97,6,503,0
14,12,722,1
80,2,790,0
98,14,1819,0
109,0,1162,0
5,2,382,1
137,9,359,0
24,14,776,1
12,5,1493,1
175,19,1682,0
5,14,1798,1
61,6,403,0
68,4,873,0
122,3,1173,0
32,17,194,1
125,2,1083,0
111,16,1117,0
169,17,1836,0
179,17,1459,0
169,1,1812,0
53,12,959,1
124,14,810,0
48,4,544,0
60,2,1566,0
160,4,1242,0
115,4,691,0
138,4,580,0
112,2,1409,0
193,2,1820,0
152,19,1930,0
118,17,562,0
82,19,179,1
134,3,1057,0
41,0,1612,0
24,15,1587,1
30,7,1323,1
33,16,783,1
5,7,996,1
123,6,1211,0
39,7,1348,0
63,11,1051,0
73,15,513,1
165,11,190,0
183,18,2017,0
16,9,1329,1
24,6,931,1
185,11,1897,0
47,19,505,1
130,4,2025,0
54,15,483,1
33,8,1680,1
189,6,222,0
43,19,522,1
188,13,2028,0
175,10,1496,0
182,6,1069,0
155,9,966,0
176,8,488,0
42,3,1065,0
88,15,1130,0
155,9,547,0
132,18,1687,0
130,16,218,0
49,8,1038,0
56,12,1655,1
84,0,1923,0
182,1,610,0
128,12,477,0
123,8,468,0
12,6,1420,1
89,15,1590,0
133,18,504,0
12,6,763,1
161,5,251,0
100,17,228,0
106,18,106,0
9,10,1771,1
90,11,1677,0
179,9,1877,0
38,12,1979,1
197,11,995,0
59,9,550,0
123,19,788,0
175,17,2006,0
162,3,161,0
118,4,1221,0
149,4,1854,0
30,11,764,1
140,2,1451,0
51,7,926,0
117,1,1988,0
80,17,1421,1
76,8,1431,0
93,12,1129,0
50,6,862,0
37,9,1389,1
5,8,1013,1
151,14,1258,0
35,4,1127,0
146,11,86,0
57,0,1796,0
52,11,1878,1
73,5,1062,0
109,18,1343,0
94,18,912,0
194,15,781,0
198,18,1581,0
196,2,1301,0
67,9,1501,0
77,17,1943,1
165,12,1796,0
173,17,859,0
93,2,1074,0
180,2,72,0
17,11,1576,1
77,19,1521,1
81,6,845,0
163,7,545,0
72,8,949,0
102,13,474,0
129,4,749,0
106,18,67,0
136,15,2032,0
106,11,1518,0
23,3,1634,0
86,7,1632,0
145,6,676,0
27,14,1112,1
87,5,1802,0
113,4,1283,0
79,13,1847,0
133,12,260,0
92,9,614,0
58,17,1021,1
93,3,1354,0
147,7,1940,0
69,10,1906,0
80,16,182,1
147,17,498,0
153,10,313,0
151,15,1880,0
64,11,160,0
97,12,1628,0
165,15,899,0
53,0,1311,0
39,15,1964,1
176,14,1530,0
106,5,950,0
15,11,808,1
103,7,1589,0
114,6,1949,0
78,1,910,0
198,11,946,0
178,13,911,0
13,15,1897,1
7,10,1246,1
89,19,242,1
30,8,564,1
76,9,839,0
52,16,1017,1
198,11,1641,0
160,5,1859,0
121,18,1482,0
158,10,1761,0
157,8,1701,0
16,5,133,1
137,15,1744,0
52,19,847,1
41,15,129,1
48,5,1651,0
19,4,1282,1
47,3,571,0
180,1,1272,0
91,5,1644,0
74,8,283,0
50,16,1892,1
112,13,293,0
127,6,1964,0
175,18,1466,0
25,0,1639,0
155,19,1519,0
111,14,898,0
84,17,442,1
51,2,58,0
121,17,662,0
128,1,1993,0
147,9,856,0
29,10,764,1
40,2,1977,0
55,6,1226,0
19,7,159,1
72,18,883,1
25,17,315,1
145,12,1446,0
23,12,1225,1
38,18,1025,1
82,11,1668,0
129,16,1004,0
121,11,1488,0
56,12,956,1
31,11,1719,1
161,18,1399,0
160,13,721,0
39,6,1624,0
140,12,225,0
148,5,574,0
110,18,1388,0
168,18,1140,0
162,3,1001,0
150,18,1833,0
6,8,1626,1
181,15,1257,0
81,3,1108,0
136,5,2007,0
94,7,554,0
93,15,898,0
98,4,1012,0
11,9,1875,1
99,12,1149,0
112,13,521,0
78,6,1655,0
43,19,1819,1
145,5,572,0
163,6,929,0
75,4,1356,0
195,17,1889,0
60,11,1609,0
174,5,323,0
193,0,1612,0
46,3,103,0
188,18,1128,0
40,11,937,1
88,14,794,0
122,2,326,0
11,19,1516,1
58,7,932,0
133,10,1491,0
176,15,681,0
124,8,1298,0
177,2,619,0
110,4,1328,0
51,19,225,1
127,13,615,0
145,14,1219,0
123,5,820,0
154,3,1737,0
122,7,1458,0
25,18,311,1
141,4,580,0
30,12,1927,1
13,15,1444,1
19,0,1756,0
14,12,940,1
126,10,1977,0
125,7,1270,0
129,7,997,0
174,13,634,0
76,12,864,0
156,2,1670,0
53,3,1357,0
158,19,351,0
95,14,1205,0
41,14,1193,1
72,12,1801,0
54,8,1209,0
156,9,677,0
23,11,622,1
104,13,578,0
64,0,83,0
171,13,581,0
93,13,1281,0
150,7,2043,0
151,15,1747,0
168,13,1372,0
187,0,1595,0
73,15,1167,1
179,17,1487,0
53,6,420,0
112,14,458,0
165,16,1456,0
123,18,1514,0
153,12,1951,0
154,8,1520,0
180,14,1692,0
41,2,666,0
147,0,120,0
167,15,2016,0
164,7,133,0
15,12,258,1
142,7,308,0
82,16,1312,0
81,13,1375,0
189,6,1305,0
157,14,981,0
6,15,331,1
68,18,443,1
39,5,467,0
11,0,1279,0
89,11,1337,0
150,17,1384,0
71,15,908,1
46,11,1979,1
122,19,1770,0
129,12,675,0
171,7,1152,0
173,0,1942,0
28,6,1415,1
192,14,1886,0
50,12,611,1
23,12,881,1
72,8,1168,0
106,14,1843,0
46,3,990,0
36,12,1424,1
171,11,111,0
113,4,1215,0
40,6,1915,0
101,7,783,0
168,4,1941,0
135,8,1184,0
77,13,1689,0
140,11,1600,0
101,3,831,0
127,19,1744,0
74,7,1230,0
173,16,588,0
17,7,646,1
53,0,58,0
64,19,325,1
134,1,276,0
192,3,235,0
9,0,640,0
176,6,1289,0
31,0,482,0
164,8,618,0
153,2,705,0
12,11,405,1
54,18,892,1
71,14,441,0
48,15,628,1
129,9,1348,0
62,5,1567,0
7,16,1690,1
90,16,1524,0
74,18,469,1
134,17,1773,0
176,10,213,0
6,6,828,1
106,9,1636,0
39,6,687,0
102,4,1665,0
34,11,1256,1
120,15,1383,0
12,17,66,1
154,2,495,0
48,19,219,1
190,14,1353,0
40,4,1986,0
81,12,1889,0
35,18,389,1
51,11,775,1
59,4,1783,0
110,5,1592,0
194,6,1983,0
162,9,1084,0
125,15,1597,0
59,7,1695,0
148,8,182,0
16,3,950,0
149,7,689,0
148,6,1221,0
144,14,1639,0
140,2,872,0
7,16,1003,1
148,10,128,0
34,8,395,1
27,4,658,0
96,9,1322,0
119,14,688,0
108,13,1615,0
122,3,1097,0
9,19,1544,1
108,1,1274,0
112,11,180,0
69,0,1707,0
125,19,405,0
34,4,993,0
153,5,1912,0
88,10,199,0
154,7,1599,0
36,6,1377,0
165,3,1614,0
20,5,99,1
42,15,513,1
146,19,1313,0
40,14,1555,1
155,13,1979,0
118,11,504,0
70,11,1356,0
109,15,384,0
89,14,1425,0
6,12,717,1
197,10,1722,0
79,16,376,1
71,14,1065,0
184,13,385,0
194,9,715,0
155,11,1044,0
158,15,130,0
59,14,136,1
10,9,1849,1
167,3,307,0
154,8,1040,0
175,19,234,0
147,8,1765,0
90,19,747,1
64,10,172,0
105,10,1962,0
16,6,1169,1
53,9,654,0
46,3,564,0
170,4,953,0
86,4,1516,0
177,10,1587,0
39,8,2031,1
162,15,1444,0
162,8,354,0
138,3,1430,0
71,1,1221,0
84,13,1358,0
11,2,706,0
184,17,1915,0
18,5,1946,1
77,10,1991,0
147,17,311,0
153,11,1647,0
167,4,540,0
70,8,787,0
95,19,1104,1
134,17,751,0
167,18,936,0
24,2,1341,0
14,8,61,1
29,3,1264,0
198,16,1473,0
29,16,1610,1
58,1,1991,0
37,8,140,1
168,8,649,0
99,4,1917,0
18,14,1574,1
69,14,1859,1
114,2,350,0
84,18,1184,1
58,2,129,0
129,5,885,0
184,3,701,0
135,12,482,0
173,12,466,0
138,10,1287,0
29,4,1520,0
145,0,67,0
121,8,1127,0
140,16,1953,0
153,0,1682,0
29,2,1868,0
83,14,795,0
72,9,289,0
177,7,895,0
192,11,1994,0
16,14,467,1
36,8,905,1
132,9,1559,0
100,19,1517,0
96,8,1639,0
145,14,648,0
35,0,1846,0
82,1,1821,0
24,18,1196,1
150,13,469,0
64,7,1639,0
195,5,265,0
138,11,1493,0
164,14,758,0
97,13,600,0
47,0,1015,0
134,10,1950,0
64,2,1301,0
155,18,1310,0
35,17,1717,1
9,19,1403,1
166,1,882,0
14,6,1542,1
93,7,729,0
134,18,536,0
130,14,1622,0
15,9,1652,1
182,0,672,0
163,5,1488,0
60,12,268,1
87,13,770,0
141,2,430,0
103,10,136,0
153,2,1534,0
77,18,864,1
160,9,460,0
194,14,740,0
119,10,1989,0
11,14,1062,1
84,12,574,0
148,4,496,0
101,3,349,0
8,12,457,1
8,8,1710,1
107,16,424,0
44,1,282,0
21,4,1836,0
105,15,1972,0
107,6,687,0
128,0,1820,0
56,11,699,0
56,10,1010,0
168,11,1122,0
128,18,1965,0
170,11,235,0
182,11,1278,0
67,13,127,0
120,1,1554,0
195,1,1459,0
66,3,243,0
11,19,1176,1
159,15,1690,0
96,9,1449,0
18,12,336,1
90,1,1909,0
137,2,1555,0
187,18,1796,0
134,5,299,0
66,18,1878,1
153,19,1274,0
83,18,585,1
153,7,1534,0
142,13,349,0
62,9,1551,0
124,2,1156,0
171,5,858,0
137,14,507,0
69,17,740,1
17,13,1371,1
185,18,1437,0
86,9,767,0
177,14,89,0
164,3,1889,0
168,1,1698,0
192,2,1413,0
143,6,1589,0
195,15,157,0
153,9,1389,0
56,18,1187,1
187,16,1240,0
121,18,310,0
30,4,1691,0
38,19,1297,1
56,12,1335,1
116,12,1324,0
86,10,575,0
184,10,759,0
161,15,175,0
170,14,1279,0
46,16,1213,1
25,17,1135,1
46,18,1356,1
145,3,103,0
117,4,395,0
109,6,1597,0
196,1,185,0
21,0,379,0
124,11,1217,0
141,9,1509,0
173,7,1355,0
133,0,185,0
134,11,1562,0
64,1,862,0
52,9,1806,0
33,16,901,1
101,2,1794,0
14,6,1988,1
62,11,1474,0
192,7,920,0
25,19,941,1
32,11,1522,1
38,2,684,0
12,16,1701,1
191,8,718,0
181,9,1343,0
83,5,1090,0
149,0,318,0
192,11,910,0
91,4,531,0
92,12,1292,0
177,14,1392,0
73,10,1311,0
164,7,1618,0
176,4,334,0
197,1,1110,0
91,11,152,0
105,1,1796,0
12,15,1503,1
81,2,841,0
91,9,1727,0
47,18,288,1
133,7,790,0
113,6,694,0
183,0,1198,0
156,11,1638,0
156,4,1673,0
21,15,1683,1
137,3,931,0
152,16,656,0
25,1,1999,0
62,11,237,0
163,0,937,0
114,11,1329,0
143,11,1658,0
184,11,1036,0
147,18,973,0
139,16,1947,0
32,19,843,1
55,10,579,0
190,12,725,0
9,7,441,1
9,9,1731,1
98,7,1541,0
100,19,1899,0
12,7,1326,1
68,8,721,0
142,6,910,0
42,13,1634,1
115,1,1249,0
116,10,515,0
85,7,888,0
140,12,1650,0
108,14,1037,0
157,2,1362,0
77,13,1123,0
198,14,53,0
182,1,1704,0
199,18,901,0
53,11,1958,1
40,19,1573,1
130,3,1749,0
72,2,1296,0
82,4,1943,0
109,2,1741,0
173,14,1972,0
126,18,1335,0
123,1,1758,0
194,11,584,0
118,4,952,0
14,16,1449,1
153,13,1134,0
168,9,1429,0
144,2,1906,0
95,3,695,0
6,5,73,1
122,15,1366,0
17,6,606,1
185,14,740,0
164,19,405,0
99,10,919,0
148,0,990,0
36,4,624,0
36,12,78,1
128,13,406,0
15,8,414,1
14,16,657,1
19,14,458,1
21,6,1339,1
172,11,1364,0
150,5,616,0
187,15,1226,0
157,4,268,0
63,8,222,0
82,13,657,0
128,7,1708,0
118,13,1085,0
26,11,1589,1
162,9,1435,0
176,19,907,0
36,19,1652,1
183,12,706,0
178,18,1018,0
117,14,1550,0
124,7,1650,0
153,9,1155,0
126,2,1690,0
36,2,1766,0
123,4,1413,0
43,15,490,1
16,16,666,1
179,5,275,0
22,19,420,1
153,19,77,0
145,15,1057,0
153,1,1044,0
130,19,65,0
140,14,1350,0
50,17,382,1
108,0,532,0
139,18,1883,0
155,11,615,0
90,7,1361,0
154,5,163,0
93,11,87,0
26,6,503,1
96,17,1955,0
33,13,791,1
17,7,215,1
6,19,743,1
33,13,2029,1
184,4,254,0
31,8,927,1
54,7,294,0
99,1,1944,0
155,15,1406,0
92,12,992,0
48,6,1469,0
26,15,870,1
175,6,556,0
169,13,2002,0
193,13,973,0
101,11,1194,0
188,0,1332,0
7,0,1795,0
195,11,459,0
122,19,359,0
23,14,1881,1
27,3,1779,0
161,6,117,0
34,15,163,1
43,2,269,0
112,6,269,0
115,5,1546,0
29,15,779,1
132,7,798,0
115,5,992,0
140,9,435,0
110,15,1371,0
190,10,979,0
148,12,1679,0
76,5,1326,0
133,0,454,0
112,18,541,0
9,11,406,1
7,5,1501,1
197,17,264,0
136,12,1453,0
108,6,1843,0
68,12,1932,0
110,7,801,0
102,16,876,0
14,8,1287,1
153,19,1171,0
132,12,577,0
50,1,965,0
159,3,715,0
70,1,1601,0
173,3,759,0
116,17,1693,0
17,4,584,1
141,18,603,0
168,9,1622,0
90,17,377,0
94,9,951,0
62,4,1238,0
58,16,1189,1
16,12,199,1
18,16,1591,1
125,8,1105,0
166,11,706,0
185,13,855,0
125,13,1986,0
24,7,342,1
79,4,968,0
148,18,738,0
74,13,1006,0
60,8,1250,0
105,6,1134,0
190,7,1662,0
136,13,465,0
115,13,1456,0
129,10,647,0
136,13,1776,0
24,7,56,1
142,2,967,0
28,17,134,1
158,2,823,0
41,12,1006,1
58,11,1471,0
107,14,1985,0
153,17,1844,0
42,4,1466,0
178,6,1120,0
8,10,1414,1
192,10,1571,0
61,14,655,1
177,9,1551,0
24,14,475,1
21,12,475,1
123,13,785,0
75,16,840,1
8,12,564,1
18,9,1202,1
7,0,1908,0
84,0,1322,0
190,14,790,0
59,15,1912,1
136,11,180,0
124,5,1813,0
28,5,1762,0
166,11,372,0
162,14,872,0
86,3,1973,0
151,3,592,0
163,1,115,0
192,11,767,0
64,6,1174,0
151,19,1905,0
53,8,80,0
67,8,934,0
114,7,240,0
154,13,1651,0
156,0,464,0
113,11,1888,0
80,1,796,0
34,12,1863,1
62,3,1787,0
121,19,1573,0
163,17,1935,0
104,18,1810,0
196,15,1668,0
23,13,1119,1
180,7,1162,0
177,11,1771,0
98,8,424,0
187,5,1774,0
117,17,1319,0
187,1,607,0
150,7,1330,0
67,13,1425,0
120,5,1994,0
117,9,1646,0
51,7,1178,0
61,16,1410,1
122,11,1599,0
49,16,1374,1
165,12,1150,0
149,18,1584,0
8,11,1303,1
152,15,1752,0
51,4,627,0
147,15,81,0
51,5,1681,0
82,10,107,0
128,16,1177,0
79,13,361,0
107,5,1719,0
141,10,1802,0
94,11,1140,0
148,12,739,0
73,3,1447,0
65,6,1832,0
142,1,1879,0
54,5,284,0
7,5,692,1
111,17,1185,0
117,19,1462,0
98,7,1481,0
122,7,1127,0
85,7,851,0
113,7,288,0
55,0,1825,0
151,1,1368,0
174,11,161,0
39,14,1161,1
50,3,1813,0
158,2,525,0
73,13,353,0
97,7,1378,0
68,12,339,0
169,18,257,0
53,4,917,0
153,12,1976,0
78,19,1859,1
196,0,631,0
9,15,419,1
104,1,269,0
74,6,1304,0
94,5,851,0
8,4,868,1
130,3,1946,0
43,1,398,0
167,9,304,0
133,4,501,0
28,17,191,1
61,9,1142,0
104,14,138,0
74,8,920,0
45,10,1209,1
186,16,1728,0
178,8,1924,0
64,15,1772,1
112,5,572,0
192,10,709,0
61,16,1000,1
35,3,1877,0
88,14,1923,0
156,0,959,0
40,19,491,1
162,0,87,0
156,8,1930,0
112,11,1281,0
110,3,259,0
162,12,562,0
90,6,1433,0
139,7,1650,0
167,12,1074,0
187,10,1828,0
18,8,1030,1
124,15,430,0
142,9,877,0
84,10,1610,0
148,11,908,0
186,13,443,0
110,18,1123,0
74,11,445,0
48,17,1933,1
77,16,1826,1
49,2,81,0
188,0,594,0
111,18,761,0
88,3,1307,0
86,15,1099,0
111,11,1627,0
189,12,1507,0
25,16,1134,1
182,7,602,0
165,12,1514,0
11,19,1203,1
74,4,1940,0
131,17,1427,0
147,14,247,0
164,11,848,0
152,16,1736,0
147,14,1789,0
180,1,743,0
153,5,1444,0
174,16,1997,0
158,15,1792,0
124,16,196,0
132,19,1789,0
146,8,547,0
61,4,97,0
169,0,819,0
62,5,700,0
25,13,1245,1
86,16,662,0
73,18,748,1
135,0,1969,0
91,0,1388,0
169,12,425,0
53,13,855,1
151,5,970,0
119,5,924,0
93,0,1606,0
89,13,859,0
132,2,1493,0
144,9,954,0
193,18,1469,0
173,18,1595,0
165,18,1260,0
182,3,1055,0
121,19,1718,0
131,18,82,0
75,9,118,0
90,1,641,0
37,3,1264,0
85,5,150,0
156,6,1558,0
65,15,1358,1
65,6,963,0
102,17,782,0
32,19,439,1
190,18,1638,0
47,8,209,0
173,19,941,0
171,9,1627,0
90,12,1120,0
181,17,1232,0
21,15,1519,1
102,16,745,0
102,12,807,0
69,11,572,0
78,9,1739,0
89,0,781,0
9,7,204,1
6,17,388,1
26,1,2026,0
116,15,1438,0
61,11,844,0
70,8,1772,0
78,2,1647,0
102,3,1221,0
148,1,948,0
116,7,1217,0
183,9,152,0
129,15,861,0
171,10,142,0
90,17,1024,0
80,13,1359,0
92,7,1497,0
172,14,168,0
42,16,2034,1
192,17,78,0
63,5,1062,0
142,13,1584,0
103,2,1103,0
196,6,921,0
67,14,1439,1
53,15,849,1
196,15,1211,0
36,7,524,0
139,6,612,0
25,5,1465,1
24,1,484,0
158,12,853,0
131,11,1307,0
72,14,104,0
114,8,980,0
120,1,1365,0
147,16,801,0
124,4,361,0
83,10,1621,0
120,18,1162,0
96,6,1285,0
18,1,1006,0
159,15,367,0
129,11,1950,0
172,14,806,0
62,0,514,0
32,12,1160,1
30,5,1482,0
117,12,1313,0
195,17,1905,0
70,2,749,0
157,0,1130,0
135,14,1186,0
48,12,784,1
101,4,1143,0
46,12,788,1
10,4,817,1
171,18,1765,0
184,17,1257,0
27,9,1776,1
93,7,2037,0
127,14,793,0
182,19,325,0
175,3,282,0
151,1,103,0
55,5,306,0
15,2,139,0
16,6,1811,1
78,9,1832,0
12,5,1979,1
156,15,1736,0
45,1,1508,0
168,16,1698,0
89,12,457,0
76,0,1342,0
59,5,1742,0
141,4,2027,0
51,12,415,1
147,17,1932,0
180,11,400,0
108,6,1372,0
46,14,1979,1
64,2,1232,0
16,15,536,1
134,0,891,0
11,15,1033,1
84,11,1810,0
135,18,1599,0
113,7,1428,0
7,11,670,1
31,14,979,1
118,1,450,0
111,16,1478,0
44,6,1169,0
165,12,1780,0
133,0,619,0
12,5,1024,1
105,12,441,0
164,10,401,0
128,9,855,0
180,15,1739,0
111,19,625,0
105,16,1743,0
8,16,826,1
114,3,682,0
23,4,1361,0
36,13,572,1
141,19,775,0
16,9,211,1
143,13,1690,0
50,0,1987,0
123,10,708,0
20,17,1255,1
133,15,899,0
67,17,1622,1
113,7,131,0
123,9,573,0
25,9,53,1
162,4,544,0
17,9,1628,1
166,17,1996,0
8,5,1124,1
160,2,1334,0
106,7,1207,0
63,8,2046,0
132,4,1672,0
31,1,1435,0
73,1,617,0
29,6,1290,1
135,16,927,0
101,9,1141,0
29,11,1061,1
152,1,1064,0
166,9,913,0
158,19,1629,0
130,0,1216,0
137,3,1419,0
193,12,1627,0
13,11,1724,1
120,10,1658,0
182,9,828,0
138,14,1267,0
64,4,1054,0
176,16,1740,0
125,4,1319,0
143,1,363,0
198,8,779,0
179,5,2041,0
112,17,433,0
112,13,1838,0
135,18,1862,0
80,13,326,0
34,7,1145,1
25,16,1202,1
160,2,1431,0
194,9,747,0
165,16,1598,0
167,10,1914,0
184,7,1293,0
38,0,1079,0
45,12,800,1
55,3,1032,0
179,6,673,0
86,13,277,0
62,4,2027,0
79,10,66,0
189,16,1658,0
27,4,61,0
180,19,1671,0
132,2,1572,0
154,4,741,0
21,14,1707,1
73,18,1789,1
112,15,1575,0
143,7,119,0
98,12,157,0
19,15,250,1
95,2,1125,0
167,0,1622,0
37,8,678,1
129,8,1332,0
20,16,1555,1
166,1,1337,0
70,8,955,0
172,18,352,0
160,12,986,0
51,4,625,0
171,8,1627,0
152,12,604,0
128,0,174,0
5,14,1978,1
91,3,1343,0
132,3,908,0
195,19,794,0
71,9,529,0
8,5,181,1
190,11,1075,0
157,19,164,0
51,15,530,1
42,2,1030,0
147,13,1074,0
195,0,380,0
25,9,1650,1
61,14,991,1
121,6,1004,0
185,3,2044,0
50,13,1710,1
146,15,817,0
149,13,440,0
43,2,883,0
141,16,192,0
103,13,377,0
81,17,1831,1
119,2,677,0
138,18,426,0
155,2,1888,0
191,11,139,0
95,4,857,0
102,9,1070,0
124,8,1115,0
50,0,2020,0
42,12,1108,1
146,2,1061,0
104,18,1567,0
76,10,602,0
194,15,1926,0
39,5,173,0
151,2,106,0
34,18,855,1
82,5,1529,0
88,7,284,0
117,12,657,0
29,11,441,1
172,9,1565,0
92,2,1019,0
18,3,1904,0
158,0,1416,0
106,12,1717,0
154,3,1249,0
180,10,101,0
87,18,1623,1
114,10,1551,0
183,11,538,0
135,10,1928,0
174,5,54,0
23,11,1798,1
32,8,681,1
177,9,1911,0
75,2,1954,0
67,2,1282,0
77,19,266,1
128,15,585,0
123,2,1415,0
125,9,1790,0
23,10,1474,1
179,7,1535,0
146,5,787,0
124,19,779,0
170,10,1284,0
185,11,1099,0
65,15,1325,1
168,17,52,0
172,12,1075,0
34,2,1677,0
13,14,1075,1
68,13,199,0
165,17,1656,0
124,13,53,0
56,4,1570,0
93,13,1623,0
146,7,1944,0
57,14,517,1
191,14,119,0
82,18,250,1
45,19,357,1
72,5,1325,0
12,18,1360,1
6,7,971,1
109,5,341,0
129,19,1227,0
114,14,973,0
90,2,1206,0
173,9,932,0
124,14,635,0
131,15,1347,0
187,16,1856,0
20,18,1770,1
66,10,558,0
117,15,1426,0
180,4,54,0
162,4,342,0
16,13,409,1
39,17,1671,1
15,7,263,1
68,4,1479,0
54,6,1509,0
153,15,1088,0
73,13,1346,0
52,4,612,0
24,8,814,1
105,3,94,0
199,3,752,0
176,15,683,0
165,16,1485,0
193,14,1260,0
141,3,1799,0
72,5,710,0
39,15,1243,1
69,3,770,0
12,5,2038,1
49,4,643,0
91,15,1474,0
179,15,1781,0
172,9,295,0
80,8,1976,0
186,3,906,0
80,13,1942,0
178,3,601,0
51,11,1753,1
19,9,92,1
109,3,890,0
151,17,1796,0
30,12,228,1
56,12,1530,1
97,13,584,0
154,17,656,0
25,0,721,0
55,15,1317,1
42,14,976,1
24,4,66,0
161,5,1185,0
183,5,1688,0
136,2,875,0
59,15,1671,1
96,11,596,0
32,3,1103,0
8,0,1265,0
154,3,486,0
80,0,228,0
177,7,665,0
71,4,726,0
90,1,1547,0
198,11,683,0
166,16,1207,0
95,6,851,0
187,10,361,0
109,3,1809,0
5,4,74,1
76,5,420,0
91,10,574,0
170,0,1392,0
10,9,279,1
157,19,1175,0
149,10,1523,0
65,16,427,1
16,7,937,1
10,12,1974,1
31,19,1276,1
140,17,1340,0
128,15,511,0
110,1,414,0
197,4,1807,0
189,17,153,0
97,2,1184,0
113,16,477,0
103,15,518,0
172,5,1064,0
146,18,1654,0
39,6,919,0
180,17,819,0
88,13,729,0
60,5,854,0
181,7,935,0
145,14,610,0
193,14,1323,0
53,14,1555,1
50,15,380,1
117,0,2005,0
194,10,636,0
140,4,250,0
47,4,503,0
152,5,1577,0
128,1,1619,0
101,5,875,0
94,13,160,0
43,10,2006,1
89,3,913,0
181,8,1901,0
196,2,957,0
66,15,1822,1
110,10,1617,0
111,3,1282,0
58,0,1717,0
130,15,1691,0
13,18,82,1
92,15,604,0
41,10,1953,1
53,7,156,0
45,0,1338,0
21,8,275,1
92,11,536,0
25,7,228,1
55,16,1295,1
63,9,1443,0
171,6,686,0
187,18,837,0
45,5,216,0
43,18,712,1
145,17,1626,0
196,14,349,0
15,1,1454,0
151,13,84,0
143,9,456,0
81,15,1575,0
131,6,363,0
50,7,865,0
49,9,792,0
5,14,776,1
172,7,875,0
112,12,1174,0
23,11,618,1
80,7,1288,0
76,14,2008,0
193,11,1741,0
113,10,625,0
16,18,111,1
193,13,1924,0
165,17,418,0
49,12,1441,1
94,3,1647,0
107,16,143,0
12,18,1542,1
157,8,1033,0
95,6,1926,0
178,0,1099,0
91,6,1508,0
162,6,1194,0
179,19,99,0
181,6,932,0
179,7,813,0
88,15,85,0
86,2,1483,0
150,12,1362,0
198,9,1452,0
72,17,149,1
165,6,1397,0
131,4,378,0
168,6,1721,0
86,16,755,0
151,3,270,0
160,15,1864,0
172,18,1911,0
88,9,616,0
117,2,2012,0
80,2,1045,0
126,16,1071,0
147,9,159,0
45,16,198,1
171,16,455,0
6,3,1850,1
195,5,1747,0
33,11,748,1
109,19,1066,0
198,16,1483,0
55,16,1202,1
79,9,1557,0
14,6,157,1
146,15,438,0
55,12,474,1
122,2,496,0
125,1,967,0
43,15,1141,1
32,5,2017,0
7,5,1139,1
88,12,705,0
159,6,1638,0
121,4,1713,0
6,6,1577,1
97,1,1577,0
170,16,370,0
135,12,768,0
148,15,1905,0
98,19,777,0
44,1,629,0
6,4,496,1
85,17,1647,1
173,6,259,0
16,10,898,1
167,10,1912,0
69,16,419,1
59,15,2014,1
49,12,1637,1
105,4,1701,0
66,19,1966,1
53,15,1531,1
131,15,1968,0
157,15,626,0
27,13,1715,1
156,5,738,0
42,1,839,0
32,13,1041,1
25,15,1998,1
186,19,212,0
111,12,1026,0
150,14,1405,0
168,11,1737,0
103,8,399,0
177,17,1821,0
123,13,719,0
77,19,1541,1
185,3,475,0
126,7,376,0
34,7,1179,1
192,15,1891,0
112,9,304,0
102,16,407,0
36,0,2040,0
199,17,493,0
199,9,162,0
160,3,1103,0
176,0,573,0
83,3,738,0
45,3,1040,0
67,3,1923,0
27,16,95,1
108,8,1244,0
79,18,1203,1
52,12,806,1
164,3,1426,0
61,4,1276,0
122,12,1299,0
104,15,1153,0
128,4,1383,0
165,7,1108,0
156,15,613,0
171,0,210,0
38,5,1669,0
188,10,889,0
160,15,1508,0
169,4,587,0
11,15,274,1
169,6,1519,0
60,18,1390,1
69,0,1739,0
197,8,1878,0
51,17,1487,1
152,12,144,0
23,14,1298,1
161,2,1852,0
192,9,998,0
150,8,602,0
167,12,694,0
175,15,115,0
130,2,1470,0
143,14,2032,0
53,16,1283,1
117,13,1547,0
42,6,714,0
68,19,733,1
73,15,959,1
140,7,886,0
166,3,620,0
180,19,745,0
120,14,1563,0
188,4,229,0
69,12,883,0
35,5,1909,0
136,4,1597,0
117,16,1532,0
113,6,1141,0
182,5,2012,0
73,1,1402,0
162,10,251,0
124,6,1548,0
92,7,1591,0
191,4,1088,0
71,17,1115,1
79,15,592,0
49,13,1031,1
8,11,1766,1
158,16,823,0
159,4,1362,0
178,13,1998,0
111,5,1606,0
196,14,1965,0
55,6,743,0
54,13,1769,1
10,17,1317,1
63,0,1935,0
129,5,1734,0
147,2,1841,0
34,4,661,0
174,11,1640,0
126,10,1771,0
129,12,1905,0
41,15,1671,1
174,17,1247,0
128,16,1607,0
105,16,1582,0
39,10,293,1
91,19,109,1
138,9,153,0
22,15,700,1
117,1,1376,0
33,16,1744,1
81,19,1060,1
63,9,1817,0
179,12,126,0
130,11,1091,0
149,14,1607,0
113,6,1257,0
26,12,1730,1
72,11,1623,0
73,11,1354,0
169,1,1361,0
53,4,1728,0
145,1,1598,0
166,19,747,0
113,12,1547,0
90,2,995,0
57,10,316,0
127,15,830,0
91,0,658,0
183,18,995,0
135,10,1430,0
46,8,1879,0
102,13,1074,0
164,8,1880,0
113,6,1100,0
55,15,597,1
89,2,209,0
178,18,986,0
131,3,448,0
25,6,592,1
48,11,176,1
143,17,1847,0
107,4,1930,0
72,9,1058,0
133,11,997,0
96,7,259,0
195,18,199,0
28,14,80,1
129,0,661,0
145,2,1914,0
115,17,351,0
102,17,1012,0
143,1,914,0
183,4,1804,0
21,0,814,0
103,9,732,0
86,19,306,1
108,9,989,0
156,4,1130,0
23,17,58,1
169,14,1078,0
89,19,896,1
12,7,1187,1
32,16,826,1
9,11,734,1
149,11,781,0
105,0,1278,0
168,3,73,0
122,7,542,0
151,0,1019,0
68,14,1755,1
95,17,1479,0
121,0,152,0
102,10,1133,0
15,1,1159,0
58,0,816,0
177,11,1072,0
51,15,1750,1
144,9,421,0
153,17,728,0
143,14,645,0
9,16,2043,1
188,9,251,0
24,2,1675,0
173,15,138,0
50,5,486,0
16,2,169,0
74,8,205,0
21,10,2046,1
119,12,448,0
151,17,1773,0
158,3,237,0
52,7,1847,0
112,12,1125,0
56,9,701,0
100,1,1604,0
74,7,1553,0
187,5,636,0
106,15,279,0
79,17,1554,1
165,16,1203,0
194,5,104,0
155,12,320,0
147,13,2033,0
159,9,1173,0
196,10,1142,0
183,12,1984,0
185,11,1372,0
86,8,1019,0
96,3,1602,0
183,6,1427,0
179,1,1701,0
8,6,1225,1
139,8,379,0
113,4,165,0
167,14,1615,0
52,17,372,1
77,3,612,0
76,18,1645,1
120,19,278,0
177,6,1844,0
85,7,409,0
85,16,1078,0
117,12,77,0
100,10,1839,0
76,0,1437,0
151,1,1535,0
67,16,1304,1
42,4,1468,0
71,5,2041,0
191,6,918,0
73,14,1785,0
17,18,1917,1
179,15,1344,0
193,12,1924,0
35,4,1377,0
118,2,1456,0
26,2,1631,0
97,18,77,0
175,13,1592,0
71,15,793,1
58,16,1272,1
142,3,1679,0
46,12,1155,1
68,7,1161,0
130,18,1463,0
25,4,1771,0
198,1,1828,0
173,14,629,0
156,1,1896,0
39,10,500,1
188,12,482,0
34,9,423,1
61,2,484,0
51,4,1260,0
167,2,1824,0
23,5,1463,1
118,12,267,0
12,9,1181,1
30,18,1892,1
117,7,1623,0
75,17,1980,1
34,2,997,0
139,16,398,0
71,7,837,0
69,9,1595,0
40,1,75,0
29,11,1121,1
41,5,908,0
5,1,419,1
147,2,1087,0
41,16,1685,1
145,6,1260,0
140,4,1597,0
137,0,933,0
192,7,1964,0
132,11,328,0
131,13,390,0
5,15,1401,1
168,9,1752,0
39,14,1707,1
198,14,1978,0
195,9,656,0
108,6,1098,0
27,2,578,0
13,1,475,0
38,5,78,0
178,8,1005,0
132,9,372,0
8,3,1926,1
162,2,362,0
106,8,633,0
79,16,1343,1
103,13,811,0
76,9,344,0
7,12,705,1
146,11,835,0
192,0,272,0
177,18,124,0
38,18,151,1
49,5,1605,0
65,12,1702,0
87,18,1759,1
127,12,934,0
106,3,222,0
20,1,1077,0
70,14,1925,1
172,11,1552,0
149,6,1733,0
123,19,444,0
166,17,1699,0
128,12,882,0
148,16,1053,0
106,3,1987,0
192,13,216,0
70,19,349,1
198,12,167,0
17,2,561,0
188,17,661,0
115,13,1859,0
163,14,1248,0
38,2,208,0
43,0,1457,0
199,16,1300,0
140,2,2008,0
124,13,1111,0
130,2,512,0
59,12,1504,1
31,14,1783,1
122,17,1721,0
57,13,153,1
43,2,1031,0
69,18,1266,1
149,7,299,0
162,3,1086,0
185,3,616,0
17,18,1929,1
25,10,646,1
151,0,670,0
57,7,604,0
23,14,1461,1
61,0,120,0
29,6,1005,1
35,19,1853,1
85,19,1644,1
187,10,1022,0
27,13,487,1
36,15,1117,1
194,13,1345,0
78,11,1975,0
14,16,1087,1
58,13,1444,1
56,9,1185,0
152,13,1452,0
164,17,363,0
118,8,1488,0
18,16,1813,1
182,5,534,0
160,7,218,0
114,12,937,0
57,17,852,1
156,4,295,0
83,5,315,0
26,18,898,1
34,3,292,0
195,6,1743,0
8,3,1373,1
63,10,2024,0
12,11,1400,1
16,13,579,1
123,12,1668,0
163,9,896,0
38,17,1816,1
86,15,1053,0
102,4,391,0
131,7,1838,0
79,13,1752,0
109,4,1627,0
53,7,1322,0
83,5,809,0
189,15,2023,0
97,3,1453,0
158,11,847,0
22,10,581,1
100,2,1967,0
42,11,913,1
91,4,1454,0
92,5,91,0
54,18,1418,1
12,17,648,1
173,15,1334,0
138,10,355,0
73,4,858,0
176,8,911,0
125,2,1313,0
68,7,728,0
161,5,1386,0
160,3,780,0
143,11,490,0
125,11,982,0
69,15,952,1
111,9,182,0
151,13,768,0
141,12,100,0
159,8,667,0
166,6,441,0
176,11,745,0
104,4,1786,0
86,17,572,0
147,3,1839,0
55,1,557,0
145,2,1735,0
87,11,403,0
181,2,916,0
116,3,1022,0
60,5,1468,0
183,11,1005,0
169,18,145,0
149,9,155,0
190,0,1728,0
161,16,727,0
165,15,562,0
64,8,1631,0
124,8,1315,0
187,8,905,0
142,11,2012,0
179,8,1561,0
27,14,839,1
153,1,564,0
17,10,1727,1
105,10,947,0
165,7,1134,0
28,5,1489,0
112,19,1057,0
15,6,1367,1
21,2,786,0
179,7,351,0
29,17,1243,1
98,16,695,0
25,10,1114,1
88,1,280,0
144,18,1482,0
41,6,787,0
46,17,1724,1
149,7,1695,0
105,13,1046,0
52,6,346,0
107,3,504,0
32,16,1130,1
45,4,991,0
103,11,1708,0
51,8,289,0
150,19,1671,0
109,12,1249,0
128,17,1136,0
17,19,600,1
145,8,187,0
104,3,503,0
35,7,1826,1
134,0,1522,0
20,16,1299,1
141,8,492,0
77,19,1279,1
170,12,1749,0
58,1,76,0
188,12,506,0
104,8,744,0
113,19,759,0
91,5,898,0
177,0,998,0
166,4,156,0
141,2,493,0
12,3,1774,1
11,0,85,0
40,13,646,1
22,8,204,1
7,3,1242,1
32,17,845,1
74,13,321,0
176,3,1620,0
153,9,1493,0
32,2,1257,0
58,6,1684,0
186,9,1310,0
69,12,1988,0
104,3,1582,0
25,17,1514,1
17,10,1030,1
61,3,171,0
53,13,1490,1
122,17,1608,0
58,7,1448,0
142,9,1648,0
57,4,1399,0
48,6,1553,0
51,11,199,1
57,2,756,0
78,3,1044,0
50,9,1665,0
17,3,1563,0
169,14,1900,0
106,9,202,0
28,15,1090,1
6,14,600,1
85,18,894,1
104,19,1421,0
146,18,1532,0
142,17,1275,0
167,11,1496,0
157,15,329,0
135,0,471,0
115,15,1673,0
106,1,1042,0
21,14,1538,1
16,6,2026,1
186,0,1885,0
120,4,853,0
28,9,404,1
33,3,1655,0
175,13,427,0
157,12,1197,0
126,0,129,0
192,15,1630,0
94,8,1037,0
69,15,282,1
88,18,1553,1
123,14,203,0
160,13,956,0
20,19,1765,1
179,9,1482,0
108,11,1104,0
96,0,1670,0
190,16,1630,0
31,8,1576,1
185,18,420,0
174,17,372,0
191,6,381,0
179,8,292,0
166,11,1625,0
169,6,479,0
138,13,1255,0
139,14,858,0
157,14,1546,0
37,5,425,0
59,13,130,1
190,1,1623,0
11,7,1941,1
61,12,469,0
130,5,516,0
16,4,1501,1
20,4,1130,1
47,0,1395,0
121,8,1615,0
139,5,1568,0
115,19,1339,0
55,6,1300,0
164,8,878,0
79,4,2032,0
12,13,853,1
49,4,1127,0
63,7,1682,0
136,6,2034,0
108,12,1027,0
199,12,53,0
161,7,1512,0
161,10,1383,0
102,17,1952,0
160,18,652,0
83,5,1162,0
128,1,369,0
176,12,1448,0
8,10,1677,1
94,0,550,0
108,1,1735,0
141,16,1307,0
123,7,1994,0
137,1,1410,0
60,5,620,0
100,4,234,0
182,15,1511,0
79,7,605,0
147,18,1253,0
36,15,1149,1
32,12,1729,1
26,19,1686,1
21,6,942,1
63,15,1345,1
94,15,104,0
110,11,1774,0
189,13,912,0
30,17,1920,1
29,17,126,1
142,15,345,0
49,19,1292,1
87,15,1350,0
15,12,1651,1
185,8,1721,0
108,8,795,0
72,12,1784,0
99,3,1339,0
160,8,2026,0
69,14,949,1
53,13,92,1
179,18,1434,0
56,11,1301,0
106,5,276,0
186,2,1136,0
192,19,220,0
61,15,1012,1
51,19,811,1
163,16,899,0
178,15,1835,0
30,5,356,0
118,7,1823,0
9,18,617,1
88,1,1756,0
56,13,1993,1
109,11,1041,0
58,16,83,1
165,14,876,0
182,17,1715,0
170,15,179,0
159,12,1467,0
19,16,1224,1
65,7,704,0
126,0,679,0
25,2,1789,0
50,15,1457,1
138,1,1820,0
42,14,1090,1
66,0,643,0
90,8,1087,0
194,15,130,0
82,3,1280,0
50,11,253,1
145,0,1452,0
7,0,1857,0
10,6,1617,1
97,17,72,0
12,14,663,1
176,12,1235,0
112,15,1683,0
165,6,193,0
79,15,2003,0
81,12,153,0
54,13,1455,1
15,16,1528,1
99,11,1490,0
160,19,373,0
74,12,1244,0
173,19,625,0
20,14,1829,1
72,3,1656,0
103,1,323,0
52,17,501,1
188,1,930,0
68,14,174,1
191,18,1456,0
94,14,366,0
194,19,1916,0
80,9,156,0
143,19,1733,0
105,10,956,0
93,9,1536,0
22,4,479,0
23,8,753,1
59,19,1410,1
106,18,1811,0
122,12,1827,0
158,17,1569,0
138,16,1021,0
8,5,411,1
112,9,845,0
119,1,481,0
33,5,724,0
63,12,1593,0
129,17,908,0
102,6,1479,0
21,1,1063,0
111,13,1450,0
47,4,1225,0
84,17,1395,1
198,10,1680,0
166,9,1287,0
12,10,625,1
145,1,1138,0
110,14,942,0
12,6,319,1
100,8,1610,0
98,4,1173,0
69,6,1178,0
175,19,1204,0
43,1,1462,0
85,2,1394,0
191,1,487,0
88,18,1092,1
92,3,274,0
90,19,1691,1
97,6,1639,0
90,6,1039,0
48,16,509,1
141,18,443,0
169,15,1299,0
78,2,961,0
40,14,1433,1
105,13,1503,0
160,14,1998,0
174,13,64,0
175,6,609,0
174,2,1724,0
108,16,1053,0
70,9,1619,0
59,14,2005,1
180,5,463,0
95,16,1428,0
26,16,1530,1
105,13,1795,0
159,17,1604,0
125,4,1048,0
97,7,1269,0
199,6,1911,0
112,3,164,0
145,17,1490,0
177,4,1425,0
14,15,1025,1
13,13,1148,1
186,18,1735,0
159,13,85,0
38,8,291,1
133,5,1736,0
164,16,112,0
93,18,715,0
97,11,558,0
75,3,237,0
71,15,784,1
152,10,142,0
121,3,54,0
98,16,1511,0
167,7,1239,0
103,13,1519,0
117,1,74,0
107,10,557,0
95,10,147,0
94,5,1341,0
21,13,711,1
22,9,1466,1
177,7,1837,0
120,6,1669,0
97,7,1358,0
185,7,733,0
95,1,1806,0
86,15,1182,0
72,8,76,0
197,12,1831,0
118,11,104,0
5,16,1206,1
62,1,1125,0
158,12,1566,0
113,0,1838,0
152,18,830,0
120,10,347,0
91,4,1472,0
14,0,1664,0
63,19,1091,1
45,12,867,1
109,7,1843,0
137,5,904,0
126,16,1692,0
197,11,1982,0
149,0,2037,0
26,2,608,0
102,13,1319,0
173,7,552,0
72,10,1162,0
143,13,252,0
60,7,995,0
183,2,289,0
153,6,539,0
103,18,1853,0
80,3,1086,0
30,15,698,1
119,12,1388,0
151,19,734,0
113,18,1815,0
192,4,1271,0
51,4,292,0
75,19,556,1
158,3,1116,0
44,1,1403,0
137,12,1864,0
153,15,1664,0
136,1,1502,0
27,18,1864,1
110,16,1817,0
88,4,662,0
147,17,211,0
120,17,705,0
113,7,1008,0
140,14,670,0
45,12,1508,1
116,12,1306,0
151,15,160,0
116,19,2001,0
107,12,983,0
50,19,1305,1
160,1,2025,0
72,2,799,0
126,14,758,0
19,18,322,1
169,12,1671,0
133,4,856,0
199,5,90,0
115,13,609,0
28,3,515,0
31,18,1997,1
44,6,1150,0
195,3,1763,0
193,1,539,0
168,6,1842,0
28,2,166,0
28,14,483,1
8,0,1092,0
71,1,1043,0
38,9,1644,1
189,15,245,0
181,14,668,0
185,14,1524,0
120,13,474,0
27,13,1467,1
113,5,1357,0
73,13,83,0
99,16,344,0
185,17,1056,0
66,19,1324,1
173,18,1711,0
61,16,388,1
192,15,667,0
58,7,1513,0
74,6,229,0
105,19,671,0
61,11,1301,0
142,8,1706,0
172,13,668,0
139,19,692,0
107,0,72,0
170,9,1730,0
89,16,1400,0
65,16,1227,1
7,16,668,1
132,3,1219,0
183,16,301,0
90,17,351,0
51,19,1143,1
80,1,1616,0
42,7,1166,0
168,12,1722,0
173,19,1959,0
145,14,212,0
91,19,1154,1
62,8,1901,0
54,2,1661,0
34,2,1136,0
194,1,661,0
105,0,1509,0
29,13,1121,1
116,16,494,0
159,12,1993,0
183,18,123,0
189,14,875,0
130,13,1777,0
127,1,591,0
51,6,206,0
122,16,1560,0
43,17,1339,1
20,5,305,1
26,7,1112,1
58,1,1128,0
153,0,1101,0
20,15,1987,1
63,6,986,0
35,10,167,1
174,14,419,0
36,12,258,1
191,1,636,0
166,13,1650,0
13,5,898,1
143,8,1941,0
14,6,1685,1
21,17,1631,1
72,8,365,0
52,3,1466,0
184,8,2014,0
115,3,493,0
157,11,1741,0
127,3,1825,0
153,19,1938,0
105,13,1332,0
106,6,2020,0
69,12,1721,0
195,7,1955,0
55,4,1271,0
40,11,1772,1
85,12,677,0
131,19,494,0
92,13,619,0
198,17,631,0
108,19,654,0
19,3,790,0
100,17,957,0
171,6,698,0
127,14,1690,0
5,5,354,1
155,15,388,0
126,19,578,0
171,7,103,0
130,15,1185,0
61,15,733,1
85,2,2001,0
166,16,468,0
173,8,2047,0
77,2,354,0
145,19,1511,0
74,6,1729,0
10,17,134,1
88,11,1597,0
56,18,301,1
7,15,1801,1
85,16,175,0
67,19,659,1
53,14,1977,1
80,0,1478,0
116,1,353,0
179,7,1977,0
113,1,1101,0
187,18,897,0
196,8,1339,0
69,8,1125,0
85,12,704,0
199,5,693,0
19,14,907,1
104,18,560,0
36,14,256,1
100,17,623,0
132,6,924,0
150,10,560,0
117,7,1717,0
87,5,1626,0
47,7,250,0
120,1,1684,0
167,18,872,0
82,15,1357,0
62,6,1430,0
37,9,1120,1
18,11,1069,1
166,16,186,0
193,6,179,0
136,7,1268,0
63,6,1067,0
161,3,1702,0
87,2,1437,0
138,18,481,0
125,14,1142,0
181,3,1531,0
172,8,589,0
87,12,384,0
197,17,575,0
31,15,607,1
84,0,958,0
138,3,1089,0
17,17,2009,1
68,7,1529,0
194,19,559,0
151,15,258,0
84,10,1231,0
127,19,1410,0
47,18,1812,1
93,18,2034,0
152,17,1314,0
99,18,107,0
176,10,865,0
155,2,1378,0
6,7,1418,1
124,19,1715,0
26,18,1802,1
119,9,1087,0
61,15,1432,1
76,4,426,0
11,19,292,1
188,8,1042,0
123,7,1218,0
199,10,940,0
118,15,464,0
20,6,443,1
87,14,1911,0
183,19,1688,0
76,16,778,1
128,5,407,0
117,14,2006,0
16,7,1649,1
130,6,1231,0
57,1,723,0
79,12,67,0
137,5,777,0
31,4,1904,0
144,19,610,0
149,0,1641,0
138,17,1420,0
101,14,1131,0
9,9,204,1
61,2,1640,0
160,4,1560,0
82,12,1926,0
73,7,1604,0
122,1,536,0
124,8,200,0
63,16,1432,1
37,17,417,1
66,12,1693,0
54,0,1120,0
116,11,256,0
23,19,1948,1
127,19,499,0
198,4,1556,0
51,7,2020,0
171,14,1925,0
37,2,973,0
145,5,1713,0
88,12,746,0
186,11,619,0
139,18,192,0
83,17,1473,1
18,0,1170,0
151,6,1120,0
132,11,240,0
58,9,189,0
152,11,664,0
33,10,1304,1
28,3,2012,0
86,18,1413,1
67,5,974,0
109,8,1564,0
61,19,1122,1
140,9,1972,0
66,4,673,0
161,12,1526,0
21,8,1389,1
70,1,1395,0
10,17,136,1
62,0,1967,0
73,11,1547,0
160,9,331,0
66,1,1912,0
173,8,813,0
86,1,1147,0
173,13,502,0
181,10,96,0
181,10,1661,0
75,16,1169,1
135,3,987,0
14,12,80,1
102,6,583,0
93,15,66,0
39,0,1285,0
6,12,1733,1
128,0,1308,0
28,10,441,1
78,5,1056,0
170,19,403,0
26,2,354,0
158,11,1672,0
175,4,1623,0
187,8,1638,0
43,11,1613,1
161,9,1662,0
24,18,1998,1
45,4,558,0
186,4,761,0
152,8,1468,0
112,19,1504,0
151,16,734,0
88,9,835,0
115,0,1635,0
70,15,906,1
162,14,226,0
57,16,1479,1
38,19,350,1
154,12,494,0
71,0,1812,0
138,7,1200,0
31,4,1422,0
14,5,70,1
77,19,1065,1
100,13,760,0
52,10,750,0
74,5,1917,0
191,10,1493,0
104,12,201,0
63,11,1233,0
6,1,908,0
161,2,1553,0
69,3,1516,0
87,16,145,0
158,5,1425,0
14,6,1148,1
57,14,927,1
83,10,1667,0
63,2,689,0
154,5,1432,0
183,1,1206,0
52,13,449,1
153,8,1212,0
127,17,295,0
26,18,1364,1
104,11,161,0
102,12,1788,0
162,11,1243,0
29,11,1672,1
32,17,1704,1
197,8,1683,0
117,16,1313,0
49,15,1410,1
72,16,1211,1
11,7,1667,1
53,10,1309,0
141,1,1721,0
168,7,843,0
87,11,1076,0
133,0,1644,0
142,12,165,0
168,16,1545,0
77,13,1204,0
50,13,983,1
110,15,1971,0
164,16,1556,0
36,5,1474,0
10,6,1274,1
180,0,341,0
170,14,391,0
149,19,1064,0
78,17,1683,1
118,12,1289,0
31,1,1709,0
58,18,634,1
182,14,1439,0
167,11,1963,0
89,14,1715,0
131,17,1542,0
157,13,1491,0
160,5,76,0
115,11,1750,0
19,19,504,1
136,5,967,0
97,8,629,0
127,3,63,0
77,16,147,1
159,1,328,0
158,15,2013,0
151,13,539,0
96,7,1034,0
21,13,1010,1
47,1,1956,0
125,15,1832,0
45,3,673,0
174,0,256,0
182,19,1937,0
172,13,1919,0
43,7,1306,0
117,2,1646,0
155,4,646,0
115,5,744,0
184,7,1312,0
51,5,299,0
67,5,1656,0
114,3,789,0
73,6,1670,0
47,18,355,1
180,6,1981,0
38,2,1536,0
44,7,1856,0
65,0,1986,0
182,0,1875,0
199,13,1309,0
66,5,1364,0
62,9,1112,0
165,13,1047,0
79,3,767,0
20,5,232,1
86,15,1772,0
98,0,694,0
52,5,79,0
142,8,1461,0
86,14,816,0
42,11,1216,1
131,2,664,0
23,10,1492,1
168,14,1054,0
191,2,123,0
67,13,1128,0
81,1,1011,0
178,3,1821,0
135,18,1645,0
106,11,73,0
69,1,1095,0
124,16,477,0
95,2,1105,0
12,9,912,1
183,15,388,0
77,8,2020,0
138,10,1588,0
111,14,561,0
93,2,1143,0
43,15,721,1
117,11,1971,0
192,4,1161,0
32,6,926,0
101,8,620,0
186,17,813,0
41,7,1292,0
141,11,762,0
86,19,638,1
60,1,816,0
191,9,1832,0
89,18,1343,1
6,8,868,1
193,7,1724,0
62,0,127,0
111,5,1665,0
127,11,59,0
192,18,1541,0
172,16,1409,0
168,1,685,0
118,10,1259,0
111,17,1619,0
41,10,1194,1
83,17,641,1
96,7,767,0
22,14,614,1
102,8,1741,0
67,14,1347,1
154,6,459,0
143,19,407,0
190,12,1720,0
189,12,2014,0
8,0,147,0
139,19,1056,0
65,3,290,0
111,3,606,0
58,3,760,0
92,12,1876,0
72,1,2021,0
133,14,1187,0
59,3,1560,0
7,5,1862,1
170,2,1314,0
125,6,205,0
133,5,401,0
106,2,93,0
42,3,641,0
89,9,1385,0
161,8,187,0
137,5,1736,0
96,19,2017,0
25,10,485,1
199,6,803,0
113,17,192,0
51,3,1073,0
88,4,1896,0
87,3,1372,0
39,3,1635,0
73,12,311,0
133,15,561,0
144,13,722,0
192,10,111,0
31,1,1640,0
60,13,1496,1
27,6,1469,1
157,10,1957,0
25,3,80,0
65,6,1403,0
67,15,998,1
126,5,851,0
56,5,1242,0
92,1,315,0
157,7,357,0
59,6,508,0
50,13,1258,1
36,8,383,1
59,14,564,1
100,17,490,0
137,11,722,0
40,18,440,1
114,12,1845,0
181,6,984,0
110,9,609,0
62,9,303,0
43,1,1659,0
84,13,1408,0
101,12,1473,0
117,5,1239,0
65,8,1333,0
141,12,1077,0
10,8,1961,1
113,12,168,0
39,4,1045,0
43,13,1996,1
154,4,519,0
173,8,1543,0
122,7,834,0
9,6,1566,1
174,7,1811,0
91,2,1937,0
80,14,1573,0
199,7,1143,0
162,0,743,0
61,6,914,0
131,18,825,0
33,1,1443,0
169,13,230,0
91,17,1078,0
145,14,1270,0
164,13,96,0
50,18,2043,1
120,18,1625,0
116,16,683,0
155,18,1720,0
49,15,1213,1
149,19,1935,0
108,18,1738,0
89,0,1613,0
198,18,1500,0
138,6,638,0
112,10,1760,0
22,4,1634,0
98,16,1927,0
154,10,359,0
37,7,323,0
162,9,1612,0
130,11,889,0
164,9,1463,0
174,12,508,0
126,17,782,0
142,9,1707,0
119,18,410,0
168,19,1067,0
166,16,1142,0
32,19,1656,1
15,15,711,1
171,4,748,0
51,2,1504,0
131,14,934,0
151,1,807,0
122,12,1781,0
147,7,1105,0
130,16,670,0
160,3,1938,0
156,18,1586,0
76,8,231,0
111,14,735,0
141,8,730,0
179,8,297,0
37,13,669,1
194,15,1955,0
23,16,1370,1
199,12,1849,0
78,8,2001,0
172,14,79,0
179,6,1375,0
197,0,1549,0
161,0,922,0
182,4,997,0
102,8,1425,0
145,11,1034,0
133,5,1555,0
166,12,366,0
97,7,786,0
180,14,1470,0
52,5,1162,0
181,5,1307,0
68,3,217,0
65,10,792,0
161,17,175,0
43,2,622,0
132,2,169,0
92,11,1501,0
30,5,1058,0
21,5,1263,1
75,7,1706,0
17,14,1501,1
73,17,609,1
30,19,1275,1
53,15,1132,1
199,5,746,0
11,16,272,1
62,8,1565,0
53,18,1084,1
107,17,842,0
57,4,1774,0
197,5,1585,0
66,11,863,0
21,10,359,1
175,15,1061,0
29,19,798,1
135,16,1107,0
33,19,1068,1
121,8,1413,0
164,0,1720,0
30,2,530,0
128,8,623,0
148,18,874,0
29,12,1812,1
58,13,1166,1
160,19,677,0
77,18,1917,1
124,6,1206,0
60,3,893,0
69,11,1038,0
97,13,468,0
90,1,1541,0
84,0,1878,0
173,17,1517,0
112,19,1778,0
183,7,1985,0
122,2,79,0
161,5,2042,0
87,12,347,0
151,8,1134,0
198,8,507,0
173,19,2046,0
177,8,353,0
19,14,1007,1
135,12,389,0
143,15,1934,0
185,1,497,0
178,13,2026,0
34,5,1909,0
61,1,1375,0
150,7,930,0
183,3,589,0
132,13,534,0
52,10,126,0
198,13,1706,0
140,11,564,0
26,15,1622,1
10,5,993,1
189,19,708,0
108,0,141,0
40,11,1924,1
83,6,1858,0
120,7,515,0
61,8,515,0
53,1,1962,0
177,16,1672,0
86,19,1113,1
70,12,739,0
81,4,1402,0
49,9,1358,0
83,11,996,0
24,16,603,1
196,5,1870,0
127,2,1139,0
71,14,1709,0
87,6,1730,0
7,5,1705,1
186,3,158,0
68,18,1488,1
44,4,141,0
63,2,1052,0
187,8,417,0
66,5,869,0
136,12,472,0
64,19,621,1
120,3,911,0
79,1,1812,0
126,3,1313,0
111,7,484,0
100,12,261,0
95,9,1473,0
162,17,1683,0
134,8,575,0
66,0,1803,0
53,12,517,1
141,17,1243,0
96,14,1892,0
163,1,841,0
128,10,924,0
65,13,259,1
52,14,305,1
157,13,1756,0
168,15,122,0
140,14,196,0
62,18,1413,1
105,8,366,0
116,4,1691,0
177,4,655,0
66,10,624,0
43,19,1227,1
62,3,1328,0
103,19,1424,0
196,17,596,0
48,2,884,0
33,3,361,0
63,13,857,1
75,6,814,0
96,7,1742,0
13,15,183,1
131,19,997,0
138,14,1202,0
161,6,485,0
190,16,1353,0
149,11,407,0
148,17,979,0
135,13,932,0
25,14,301,1
68,14,184,1
94,4,1916,0
40,15,572,1
66,4,853,0
174,1,709,0
80,19,368,1
174,8,129,0
193,8,1264,0
17,3,1526,0
15,14,1417,1
58,10,1103,0
20,0,463,0
12,17,1944,1
108,0,417,0
63,7,1056,0
61,15,1814,1
44,17,1042,1
191,8,645,0
134,11,1575,0
98,18,1735,0
142,17,1946,0
48,4,1067,0
143,1,750,0
84,6,1094,0
85,9,598,0
6,14,295,1
182,6,332,0
144,4,663,0
119,14,980,0
94,19,855,1
27,19,281,1
150,14,365,0
66,9,887,0
117,13,1873,0
132,9,1409,0
66,16,460,1
42,13,294,1
199,1,436,0
170,15,738,0
199,12,1798,0
65,8,407,0
133,6,1071,0
177,15,663,0
160,9,847,0
153,8,71,0
126,6,68,0
114,15,1360,0
17,8,325,1
159,16,708,0
104,19,947,0
139,6,601,0
26,10,728,1
78,7,652,0
185,6,1145,0
136,18,414,0
27,19,2023,1
123,11,844,0
74,6,1408,0
88,7,701,0
105,6,1824,0
88,5,639,0
165,8,248,0
32,12,66,1
140,6,267,0
5,7,790,1
169,16,1925,0
67,16,699,1
26,15,196,1
74,1,1283,0
129,7,719,0
153,16,1487,0
100,12,714,0
167,17,905,0
83,9,379,0
9,1,944,0
64,1,2035,0
124,13,1943,0
50,15,1425,1
182,6,1236,0
180,11,1892,0
138,13,150,0
60,3,376,0
114,3,376,0
191,17,1228,0
161,2,59,0
108,0,402,0
81,16,2012,0
150,6,232,0
6,15,504,1
12,4,1719,1
79,18,55,1
186,6,1406,0
129,13,2017,0
42,1,1406,0
180,2,1331,0
31,16,260,1
24,15,100,1
144,7,1518,0
47,17,1732,1
193,14,1059,0
35,6,426,0
95,8,689,0
65,5,1559,0
199,17,819,0
113,17,1124,0
95,13,203,0
167,13,631,0
99,13,837,0
147,3,840,0
148,3,1383,0
17,14,1472,1
117,14,183,0
39,17,269,1
191,13,212,0
153,0,1020,0
186,9,697,0
162,19,618,0
52,9,1575,0
39,9,995,1
90,1,738,0
170,7,164,0
163,0,1572,0
156,0,1545,0
118,3,1222,0
181,6,1314,0
104,8,172,0
164,15,853,0
187,4,888,0
190,1,1142,0
103,10,875,0
7,17,112,1
89,18,782,1
129,12,1089,0
142,10,1463,0
87,19,639,1
29,18,1707,1
72,16,997,1
65,4,1331,0
33,12,266,1
131,19,528,0
23,0,1187,0
175,9,1955,0
198,7,2046,0
78,7,1453,0
65,18,1731,1
175,5,1026,0
157,11,286,0
24,6,525,1
52,15,2045,1
91,8,2004,0
156,9,647,0
143,9,1752,0
114,9,178,0
187,19,559,0
32,15,214,1
195,0,326,0
63,16,306,1
137,13,1205,0
55,18,1041,1
153,16,619,0
16,13,1330,1
54,7,190,0
136,8,735,0
117,7,736,0
174,12,1282,0
170,16,765,0
157,18,1072,0
18,6,1592,1
36,16,1124,1
143,0,1576,0
193,4,1332,0
150,5,227,0
159,1,971,0
59,15,592,1
186,4,1429,0
124,4,1391,0
79,11,1739,0
25,2,1012,0
176,15,413,0
137,5,1128,0
91,14,1229,0
173,14,1117,0
63,15,642,1
93,19,1751,1
186,12,591,0
154,11,371,0
87,9,697,0
69,13,63,0
68,1,1430,0
75,2,1556,0
8,8,667,1
197,10,408,0
147,10,1391,0
108,9,1148,0
154,13,2032,0
179,8,1664,0
97,19,243,0
178,9,412,0
146,8,1169,0
182,4,1113,0
152,7,817,0
182,10,446,0
116,0,156,0
165,9,1090,0
123,0,576,0
63,6,2002,0
47,13,1060,1
16,4,833,1
44,16,1572,1
122,5,574,0
24,15,1832,1
170,10,1799,0
135,9,1736,0
160,14,1877,0
188,6,1116,0
94,1,2019,0
98,11,675,0
17,18,1915,1
70,11,1666,0
41,15,399,1
181,5,1726,0
70,2,1103,0
40,1,1514,0
186,19,1055,0
30,4,591,0
79,10,1528,0
112,2,1851,0
172,2,1684,0
47,4,1011,0
154,10,143,0
152,2,1796,0
12,12,1368,1
33,7,1622,1
44,19,948,1
162,9,138,0
132,1,2003,0
88,3,552,0
120,17,816,0
187,18,263,0
148,3,1495,0
178,19,575,0
66,8,241,0
11,15,1880,1
49,5,743,0
191,3,691,0
188,8,1297,0
180,12,604,0
159,8,1766,0
185,5,436,0
92,18,730,0
77,13,825,0
167,14,1547,0
183,2,1681,0
41,4,252,0
123,17,1059,0
61,13,496,1
12,15,1906,1
99,13,1920,0
121,8,949,0
114,14,1141,0
24,6,1165,1
128,13,827,0
57,5,1916,0
123,14,227,0
16,19,1736,1
181,7,878,0
21,1,608,0
68,7,1076,0
46,0,152,0
98,16,1346,0
161,18,1607,0
151,4,165,0
15,19,908,1
102,15,1985,0
182,6,513,0
75,6,153,0
112,17,308,0
62,17,1381,1
38,1,1440,0
24,14,978,1
54,13,859,1
106,17,691,0
142,8,856,0
164,13,1072,0
56,4,1375,0
19,10,609,1
88,7,76,0
135,4,557,0
41,10,576,1
130,4,824,0
44,16,1438,1
76,3,1002,0
44,14,347,1
60,18,826,1
155,1,410,0
108,16,1719,0
143,11,553,0
114,16,2026,0
196,9,637,0
140,17,79,0
97,18,1512,0
98,17,1413,0
60,12,175,1
64,13,645,1
142,15,1639,0
43,17,1439,1
32,17,1868,1
53,15,1925,1
168,16,1516,0
129,6,312,0
17,11,985,1
40,1,921,0
105,9,1295,0
30,4,1913,0
90,2,51,0
8,18,1983,1
86,12,443,0
196,11,355,0
170,2,1219,0
131,5,579,0
92,13,577,0
131,3,1381,0
124,12,1014,0
26,18,2021,1
134,17,720,0
35,2,1413,0
123,19,1992,0
15,5,401,1
50,15,859,1
100,19,258,0
194,2,1007,0
196,11,254,0
14,18,674,1
172,18,1763,0
132,3,2046,0
156,0,770,0
103,1,685,0
176,12,1088,0
116,12,907,0
64,1,1501,0
194,18,525,0
91,15,347,0
149,11,606,0
69,0,1167,0
61,8,156,0
187,16,1492,0
110,9,1351,0
185,17,177,0
188,18,2043,0
13,6,508,1
26,18,87,1
145,14,1682,0
93,8,247,0
180,9,1777,0
22,19,406,1
119,19,56,0
172,3,1629,0
149,5,1405,0
147,3,568,0
110,4,243,0
19,8,365,1
67,11,1074,0
171,7,1135,0
17,4,392,1
85,10,650,0
36,10,1091,1
141,12,669,0
44,13,1720,1
152,7,1444,0
86,17,871,0
81,18,1652,1
195,11,1678,0
80,11,1723,0
176,17,1774,0
42,9,1644,1
192,6,1772,0
75,17,284,1
52,11,1142,1
22,13,496,1
148,14,659,0
187,15,57,0
43,1,511,0
191,17,1049,0
93,11,1384,0
66,15,183,1
145,12,434,0
113,19,105,0
85,16,1042,0
138,17,1433,0
81,2,2044,0
192,9,1187,0
94,0,1161,0
18,5,187,1
99,2,1181,0
58,18,1573,1
136,3,584,0
43,19,193,1
76,2,918,0
29,7,705,1
81,7,105,0
164,6,669,0
191,1,1936,0
195,5,1079,0
170,15,591,0
124,9,496,0
57,3,1458,0
199,12,1380,0
160,9,923,0
135,13,1930,0
154,8,688,0
100,10,1375,0
170,17,1706,0
76,10,1478,0
66,16,660,1
189,1,1751,0
10,2,886,1
36,10,1904,1
103,17,1826,0
142,2,1635,0
135,14,829,0
191,10,886,0
80,10,559,0
181,19,1146,0
63,10,861,0
35,18,613,1
97,0,314,0
73,4,1300,0
194,9,1266,0
56,9,1447,0
93,13,1824,0
131,1,59,0
173,3,351,0
35,1,1432,0
88,17,1813,0
131,12,2027,0
154,18,854,0
136,4,1125,0
17,19,1825,1
49,1,148,0
131,10,642,0
174,17,1086,0
118,5,1463,0
181,9,2027,0
24,16,406,1
85,10,1713,0
186,18,1889,0
168,16,977,0
133,3,60,0
147,13,130,0
21,19,1334,1
156,3,55,0
62,13,1531,1
76,3,422,0
113,5,530,0
27,8,271,1
178,11,1990,0
76,7,1883,0
12,3,1154,1
63,4,1996,0
115,5,564,0
191,4,1133,0
17,18,270,1
171,7,2035,0
160,8,398,0
193,14,1634,0
20,3,277,0
123,8,339,0
6,6,342,1
149,7,859,0
34,14,1266,1
107,18,1005,0
17,14,1547,1
100,4,1330,0
98,18,2028,0
86,6,1579,0
17,5,437,1
175,18,664,0
98,16,1471,0
153,9,415,0
116,18,707,0
59,10,339,0
85,14,1842,0
172,9,1382,0
120,10,1351,0
147,2,1537,0
184,2,238,0
112,17,967,0
57,10,1251,0
132,19,1601,0
184,17,973,0
162,14,1037,0
165,6,424,0
61,9,1671,0
56,19,809,1
141,9,1527,0
186,12,266,0
115,14,1115,0
5,17,243,1
48,3,1400,0
79,19,1446,1
102,16,1538,0
13,2,212,0
36,1,325,0
19,3,413,0
144,0,1715,0
189,14,824,0
140,0,529,0
76,5,738,0
159,6,509,0
194,18,1338,0
16,11,588,1
69,0,1023,0
111,6,1459,0
46,18,134,1
194,12,1781,0
119,11,1389,0
143,11,292,0
107,12,1542,0
175,13,929,0
99,11,1415,0
21,19,1250,1
164,11,1203,0
89,5,706,0
172,9,1156,0
155,19,1433,0
60,8,137,0
138,1,1605,0
90,6,791,0
182,8,2045,0
106,11,1034,0
169,4,1711,0
196,0,520,0
58,14,1571,1
181,7,1580,0
119,0,1427,0
143,17,465,0
92,12,1124,0
53,0,1673,0
153,4,731,0
119,17,1136,0
198,15,1162,0
67,9,1774,0
108,3,1263,0
87,0,948,0
107,7,650,0
160,4,1421,0
21,1,1917,0
10,16,1611,1
151,6,1249,0
188,16,1437,0
32,5,825,0
198,14,950,0
42,4,1980,0
123,14,1627,0
41,17,532,1
119,17,1192,0
72,5,218,0
181,1,1693,0
47,16,196,1
168,3,1761,0
62,11,1510,0
17,18,488,1
56,1,937,0
62,1,1262,0
36,13,209,1
109,14,863,0
192,19,1933,0
87,1,2005,0
190,3,451,0
103,18,635,0
108,8,913,0
188,6,1091,0
32,12,189,1
133,11,1188,0
174,2,377,0
52,12,274,1
44,14,607,1
101,13,488,0
195,8,1623,0
118,12,1791,0
136,3,435,0
170,7,570,0
159,2,1326,0
141,1,669,0
115,18,1974,0
148,7,1171,0
188,16,836,0
80,12,1144,0
35,6,600,0
123,8,1883,0
146,11,1986,0
29,13,496,1
38,13,1163,1
71,14,1503,0
156,2,1292,0
122,14,156,0
77,18,1549,1
30,19,965,1
152,13,1527,0
196,7,953,0
108,4,1681,0
14,18,1988,1
71,3,593,0
156,13,1199,0
9,15,1220,1
199,19,329,0
190,5,73,0
31,5,1001,0
117,2,1794,0
19,14,169,1
167,2,1859,0
109,10,1725,0
185,2,1370,0
48,9,904,0
30,17,1065,1
179,0,993,0
166,15,1155,0
99,15,497,0
182,9,1985,0
88,0,1793,0
144,3,1045,0
136,2,1992,0
91,4,1543,0
180,11,1496,0
187,11,1618,0
116,12,1097,0
133,11,1134,0
93,15,1896,0
70,12,1774,0
162,4,133,0
135,3,274,0
126,14,1753,0
153,11,235,0
88,18,424,1
181,18,121,0
120,10,123,0
194,5,1970,0
120,8,1414,0
42,0,202,0
147,11,145,0
114,13,1638,0
184,5,494,0
50,0,1759,0
29,1,1183,0
25,10,1531,1
125,2,877,0
126,9,1124,0
137,5,426,0
74,5,814,0
117,19,1146,0
111,1,261,0
116,9,1505,0
112,5,773,0
51,16,1836,1
95,13,1241,0
22,4,824,0
153,16,380,0
108,1,1815,0
155,8,800,0
196,11,1860,0
199,18,1567,0
44,6,1216,0
142,8,1655,0
93,15,1518,0
184,19,873,0
65,10,443,0
196,11,561,0
9,14,735,1
126,17,1921,0
185,18,670,0
59,15,1788,1
41,14,1770,1
60,4,1876,0
191,10,1401,0
106,14,653,0
97,17,1332,0
77,12,1907,0
63,3,1510,0
6,16,767,1
197,3,1637,0
108,15,398,0
192,14,1766,0
55,13,2023,1
34,11,1888,1
15,2,564,0
112,9,1522,0
80,7,448,0
171,5,1669,0
94,13,263,0
127,16,1619,0
195,18,611,0
196,15,1362,0
193,14,1914,0
129,14,1332,0
186,0,307,0
126,11,1461,0
98,9,1857,0
107,13,743,0
190,9,1618,0
188,9,1338,0
166,19,1386,0
35,10,1113,1
56,15,1047,1
93,8,869,0
80,14,259,0
133,13,321,0
187,18,1209,0
26,8,648,1
44,3,1133,0
105,6,1583,0
115,7,1749,0
133,7,1588,0
69,18,1088,1
195,14,1687,0
186,15,1072,0
174,8,304,0
153,11,786,0
83,15,771,0
26,3,584,0
170,4,1308,0
103,7,1204,0
12,0,1743,0
194,5,1758,0
179,14,1073,0
21,3,66,0
21,10,931,1
94,4,1003,0
145,17,875,0
149,14,1041,0
170,17,927,0
85,19,234,1
82,12,1464,0
177,4,1496,0
10,0,1919,0
167,17,1515,0
114,13,1769,0
18,4,1728,1
76,5,1629,0
193,15,1085,0
147,11,1593,0
58,19,129,1
31,17,858,1
17,1,1747,0
163,12,351,0
167,16,1289,0
64,16,1321,1
10,15,1614,1
62,17,1345,1
53,7,182,0
155,2,1078,0
166,16,805,0
30,17,1615,1
51,5,678,0
9,7,1763,1
24,12,1059,1
138,7,822,0
63,18,1820,1
196,5,190,0
150,14,532,0
136,9,1378,0
21,16,394,1
18,0,1635,0
17,6,1343,1
139,12,1181,0
132,2,1631,0
48,18,523,1
123,14,1155,0
147,4,1711,0
23,10,1157,1
67,17,1363,1
167,2,1144,0
85,5,224,0
167,2,1901,0
151,4,891,0
152,8,1536,0
104,18,1922,0
167,12,1468,0
164,5,915,0
126,10,1164,0
180,13,518,0
48,5,1936,0
108,5,1507,0
156,16,1322,0
65,10,693,0
129,14,730,0
149,8,1004,0
75,16,1645,1
111,6,1954,0
54,6,898,0
69,0,290,0
103,7,751,0
36,4,1569,0
168,18,389,0
145,7,842,0
62,16,793,1
132,18,1544,0
146,11,512,0
169,14,850,0
116,3,1348,0
72,11,1898,0
44,12,64,1
191,13,1114,0
148,4,2038,0
194,15,257,0
136,6,1133,0
177,14,414,0
94,12,1313,0
32,15,657,1
100,11,1863,0
198,6,2012,0
35,15,209,1
7,12,446,1
140,2,2007,0
28,14,843,1
19,2,549,0
175,6,258,0
163,17,1206,0
49,13,1454,1
198,17,482,0
12,18,658,1
75,13,1804,0
112,19,438,0
119,5,1046,0
107,7,632,0
129,6,481,0
61,19,1347,1
34,17,400,1
150,17,183,0
118,14,1139,0
121,19,688,0
171,18,1278,0
64,1,1371,0
102,7,166,0
175,10,2021,0
130,17,1340,0
177,12,1867,0
155,8,198,0
98,8,1267,0
138,16,1753,0
188,6,1897,0
126,8,1959,0
112,0,228,0
8,1,197,0
97,3,514,0
155,13,1025,0
10,3,618,1
36,1,1078,0
110,7,575,0
150,17,329,0
19,18,548,1
172,13,885,0
126,19,485,0
100,9,865,0
10,16,1289,1
116,7,736,0
124,13,877,0
127,7,1018,0
195,4,1588,0
71,15,1960,1
110,7,1210,0
143,9,661,0
47,7,644,0
149,8,1353,0
100,17,181,0
136,2,442,0
195,16,530,0
85,19,1586,1
45,14,677,1
137,16,468,0
164,7,1275,0
39,1,701,0
26,16,707,1
197,17,511,0
154,4,1851,0
116,8,1275,0
15,8,1987,1
7,1,201,0
141,1,1970,0
64,18,271,1
80,2,128,0
91,16,1273,0
18,13,1835,1
22,13,148,1
117,13,961,0
77,5,262,0
27,2,1216,0
87,0,751,0
129,15,1462,0
179,3,1886,0
73,0,1447,0
51,16,1125,1
120,17,1016,0
34,7,1697,1
29,1,184,0
160,17,460,0
116,15,1543,0
29,9,1185,1
78,7,1598,0
62,11,834,0
98,15,1818,0
123,11,1117,0
131,10,1470,0
173,19,1658,0
29,18,310,1
82,0,792,0
103,2,594,0
120,11,437,0
52,8,1549,0
14,4,1483,1
103,0,1653,0
15,9,65,1
89,16,711,0
153,3,1877,0
177,14,151,0
139,18,1259,0
196,7,1000,0
130,14,980,0
68,6,74,0
6,14,1145,1
80,7,1666,0
125,9,1646,0
46,17,67,1
58,3,1827,0
79,14,619,0
20,10,1066,1
22,2,1405,0
191,14,1962,0
94,2,1642,0
148,14,1170,0
10,5,1800,1
189,0,880,0
112,13,1085,0
179,15,1084,0
52,0,1982,0
46,16,212,1
80,7,1356,0
192,17,1802,0
81,15,921,0
136,5,884,0
134,9,1314,0
63,9,906,0
159,4,1118,0
31,11,1019,1
83,19,642,1
76,16,304,1
11,13,116,1
195,13,967,0
115,2,663,0
123,11,1023,0
178,19,652,0
67,17,1115,1
128,11,1861,0
16,1,1889,0
145,1,1859,0
47,16,433,1
21,9,1662,1
67,17,1307,1
124,18,1015,0
40,0,1787,0
12,3,534,1
73,3,1806,0
94,1,1847,0
40,18,88,1
32,11,60,1
122,9,673,0
97,12,458,0
179,19,157,0
80,14,1167,0
105,2,1896,0
162,19,133,0
155,12,107,0
148,7,1366,0
18,6,1089,1
75,7,1040,0
184,17,1550,0
128,8,887,0
129,5,654,0
41,3,1018,0
33,14,214,1
199,4,486,0
147,4,776,0
179,6,1729,0
178,8,1859,0
184,6,452,0
23,8,2013,1
110,19,1459,0
25,9,2027,1
68,3,1211,0
169,5,765,0
31,13,863,1
59,8,771,0
33,0,580,0
152,16,1879,0
29,12,342,1
74,6,1548,0
67,8,1072,0
168,10,1953,0
134,2,511,0
154,11,1886,0
20,2,1446,0
150,14,1235,0
186,9,691,0
104,0,93,0
34,13,1938,1
49,19,1156,1
23,5,941,1
38,1,685,0
145,7,588,0
175,0,1889,0
66,3,911,0
122,3,568,0
104,4,1484,0
26,19,1414,1
184,8,760,0
184,12,1697,0
115,17,138,0
168,16,1713,0
77,0,1303,0
151,14,1091,0
42,1,1874,0
74,15,722,1
120,19,913,0
83,4,939,0
189,18,1354,0
152,4,1983,0
13,1,471,0
36,6,1751,0
136,2,1845,0
54,16,925,1
86,2,751,0
9,12,387,1
152,6,315,0
91,2,852,0
130,14,1428,0
79,17,409,1
169,9,1063,0
26,6,1864,1
190,8,266,0
72,4,370,0
48,19,899,1
38,7,768,0
81,13,1738,0
46,3,1041,0
141,19,1766,0
110,13,1285,0
99,11,1858,0
139,1,1002,0
72,12,1276,0
151,0,766,0
163,19,1034,0
132,6,1989,0
167,8,945,0
189,16,1226,0
89,12,1755,0
193,9,1502,0
163,15,1826,0
87,5,336,0
99,15,806,0
185,10,1394,0
36,19,1509,1
70,2,1665,0
191,8,545,0
120,14,1677,0
142,12,1222,0
134,9,591,0
198,19,684,0
64,12,1972,0
21,16,1555,1
100,6,1399,0
148,5,988,0
20,12,1102,1
50,16,1332,1
171,14,747,0
163,3,2002,0
111,14,124,0
92,13,1630,0
133,10,1654,0
143,3,547,0
123,2,1489,0
89,1,1952,0
8,19,771,1
75,9,1824,0
158,12,1413,0
115,19,357,0
54,17,753,1
144,15,933,0
99,10,1688,0
96,9,1314,0
69,8,302,0
51,11,985,1
185,18,1293,0
110,0,446,0
134,17,1035,0
110,13,1409,0
28,0,1802,0
8,16,1787,1
112,10,1102,0
23,19,543,1
158,14,1008,0
44,3,1797,0
54,14,1575,1
175,13,1227,0
79,0,1041,0
199,8,1304,0
16,6,151,1
199,10,876,0
31,1,226,0
117,1,1766,0
186,5,1033,0
198,18,976,0
53,19,281,1
148,13,61,0
134,2,1259,0
64,6,810,0
186,6,981,0
34,3,315,0
88,4,1975,0
170,16,1208,0
32,3,806,0
29,12,1104,1
100,15,1932,0
129,15,505,0
14,1,308,0
192,17,1177,0
46,0,480,0
44,17,1455,1
81,7,518,0
109,10,1586,0
122,14,2014,0
46,15,2023,1
51,16,2019,1
169,16,1280,0
26,11,696,1
189,9,496,0
111,19,832,0
31,5,1162,0
45,7,244,0
84,12,1487,0
166,1,1195,0
164,18,511,0
93,9,1189,0
70,3,245,0
16,11,85,1
172,17,116,0
77,6,694,0
80,19,1354,1
94,3,1552,0
14,6,1084,1
100,9,2041,0
180,14,1803,0
24,11,371,1
43,0,1741,0
64,19,289,1
70,17,1066,1
69,15,1133,1
183,4,699,0
128,18,611,0
168,3,1752,0
156,5,214,0
159,16,880,0
134,6,238,0
163,6,1560,0
61,8,141,0
82,12,1879,0
198,19,1961,0
33,13,338,1
19,15,1582,1
16,8,1148,1
105,14,1630,0
160,4,1501,0
88,17,1458,0
129,19,1126,0
107,7,224,0
28,14,1746,1
153,8,1652,0
142,18,523,0
114,5,1984,0
82,3,1434,0
105,10,319,0
150,9,456,0
146,2,1197,0
166,0,743,0
132,11,425,0
62,14,1465,1
80,14,231,0
154,13,85,0
40,6,1285,0
177,16,1969,0
168,18,2021,0
26,6,183,1
131,2,914,0
84,2,973,0
193,17,739,0
104,19,1751,0
188,13,1999,0
100,2,540,0
165,6,1922,0
177,6,890,0
168,4,1037,0
152,2,1511,0
22,17,888,1
42,14,1119,1
199,19,717,0
155,13,1474,0
113,3,1561,0
127,7,1069,0
148,12,481,0
191,7,1501,0
153,14,797,0
108,16,877,0
144,4,1645,0
148,19,566,0
85,3,2038,0
91,10,511,0
146,17,1015,0
65,9,1976,0
50,16,230,1
36,14,194,1
19,5,1900,1
48,15,1338,1
149,14,784,0
173,7,455,0
58,8,862,0
48,10,1018,1
102,1,1004,0
9,12,1921,1
113,3,533,0
31,8,531,1
120,4,1310,0
91,18,1598,0
108,2,388,0
127,2,317,0
83,5,2005,0
47,9,315,0
101,4,577,0
35,2,1165,0
103,6,1321,0
21,17,1092,1
87,7,921,0
114,0,1463,0
186,3,1461,0
194,6,975,0
36,13,1688,1
172,12,1168,0
145,9,479,0
39,17,844,1
137,0,990,0
33,3,1798,0
74,15,1110,1
157,15,1466,0
99,17,1646,0
26,7,1364,1
198,9,1947,0
177,15,352,0
73,10,1829,0
93,5,1990,0
76,0,450,0
133,11,872,0
176,5,393,0
91,12,912,0
100,16,567,0
79,0,1450,0
171,7,2004,0
58,7,1891,0
92,10,214,0
161,13,1086,0
58,9,74,0
20,14,1809,1
103,6,1196,0
24,6,178,1
50,9,866,0
199,3,1707,0
197,17,1620,0
131,9,1067,0
62,18,644,1
185,13,1382,0
115,12,485,0
133,14,231,0
85,15,1661,0
198,1,665,0
161,3,793,0
88,17,1888,0
74,16,92,1
12,9,453,1
33,8,2002,1
116,14,654,0
183,11,705,0
165,8,1839,0
135,13,1663,0
192,12,312,0
167,5,119,0
112,18,710,0
113,3,1365,0
24,19,1287,1
77,16,921,1
171,18,871,0
8,2,196,1
23,13,74,1
106,16,1396,0
177,12,1182,0
175,8,742,0
145,0,300,0
145,16,531,0
192,15,764,0
189,17,865,0
90,1,731,0
56,13,224,1
115,16,1420,0
185,2,1243,0
113,1,51,0
90,7,1719,0
47,1,688,0
46,1,1631,0
94,8,755,0
119,19,411,0
30,5,1794,0
155,11,1369,0
47,8,619,0
81,6,639,0
160,11,251,0
141,4,1054,0
24,15,1362,1
188,4,1135,0
43,11,1575,1
183,19,1853,0
16,8,175,1
187,6,1041,0
15,18,98,1
158,19,1673,0
46,10,895,1
159,11,1846,0
15,2,228,0
42,16,1654,1
102,6,1952,0
175,9,2001,0
23,14,542,1
196,1,1506,0
138,12,621,0
178,3,351,0
120,17,1013,0
117,0,1834,0
174,1,1039,0
69,1,1242,0
103,3,1026,0
76,2,2036,0
191,16,318,0
56,13,1437,1
122,1,673,0
179,15,149,0
124,10,1987,0
11,12,264,1
15,0,674,0
107,1,146,0
65,1,868,0
72,4,679,0
157,3,597,0
144,11,386,0
158,2,408,0
106,19,1363,0
114,9,1469,0
144,19,1974,0
175,17,865,0
55,9,409,0
121,0,1064,0
169,5,396,0
50,10,1197,1
57,1,601,0
92,6,1726,0
125,19,587,0
17,17,703,1
93,18,1937,0
129,3,1980,0
122,12,471,0
58,17,385,1
189,19,1576,0
120,12,106,0
122,18,1735,0
8,16,1066,1
79,0,1952,0
53,5,961,0
11,18,766,1
114,19,1149,0
126,0,1539,0
15,7,334,1
96,16,771,0
186,14,435,0
177,17,999,0
27,6,819,1
32,15,1332,1
115,6,1550,0
61,16,1769,1
30,3,889,0
157,11,60,0
58,12,1021,1
33,3,721,0
101,0,309,0
168,0,442,0
18,6,649,1
82,8,1442,0
39,0,1257,0
34,15,1089,1
96,17,805,0
21,14,1579,1
199,5,1159,0
162,1,760,0
97,8,1083,0
177,3,526,0
83,12,1237,0
114,10,73,0
183,12,1649,0
106,10,361,0
110,18,1311,0
51,7,511,0
185,6,1535,0
68,15,1930,1
170,2,1311,0
68,16,71,1
91,17,229,0
11,14,1891,1
26,16,1632,1
85,10,840,0
173,4,1809,0
78,15,779,0
142,14,1572,0
189,9,1548,0
139,13,798,0
129,1,765,0
54,15,388,1
56,18,580,1
165,7,741,0
5,14,211,1
185,9,1870,0
192,4,1134,0
166,19,1158,0
8,15,1620,1
149,11,539,0
136,12,54,0
175,8,125,0
8,16,1326,1
5,19,56,1
75,11,730,0
182,4,1715,0
193,11,522,0
39,0,1211,0
12,19,1431,1
156,15,861,0
40,11,887,1
182,8,652,0
127,12,1236,0
47,16,367,1
31,16,1531,1
36,3,1326,0
82,13,1274,0
125,18,1605,0
150,6,1814,0
160,2,1748,0
161,0,1238,0
20,11,281,1
103,14,377,0
51,10,287,0
191,9,1193,0
35,1,999,0
8,3,1936,1
169,16,944,0
21,16,1954,1
43,7,668,0
52,13,299,1
178,3,1409,0
180,5,1357,0
43,18,247,1
136,3,465,0
34,2,781,0
162,19,1468,0
26,5,987,0
70,6,1224,0
112,13,1871,0
16,11,1338,1
40,15,1293,1
22,19,1289,1
94,7,1388,0
185,1,1741,0
5,12,265,1
131,7,1408,0
190,19,1432,0
94,15,1699,0
91,3,1234,0
94,15,864,0
138,19,659,0
74,5,560,0
48,3,967,0
156,15,206,0
90,12,211,0
23,4,91,0
105,14,1253,0
150,7,352,0
99,6,1403,0
105,13,1636,0
34,6,1063,0
174,6,813,0
37,17,1502,1
16,9,1423,1
122,17,169,0
98,13,1148,0
159,9,723,0
171,6,710,0
141,6,172,0
153,6,702,0
80,4,1255,0
33,0,970,0
165,13,1063,0
194,17,1963,0
121,12,838,0
19,7,306,1
6,7,2027,1
184,9,1910,0
121,16,806,0
176,5,647,0
186,14,1656,0
22,14,1342,1
7,15,1566,1
139,7,1253,0
175,18,840,0
170,19,1222,0
169,14,1591,0
190,2,1221,0
165,5,1917,0
112,7,729,0
191,15,1082,0
99,14,1251,0
126,12,845,0
15,19,1468,1
72,14,1701,0
127,17,657,0
117,12,380,0
102,7,1929,0
97,13,105,0
26,10,1280,1
198,5,154,0
176,0,596,0
131,1,1794,0
138,12,842,0
174,0,1954,0
29,3,1428,0
189,1,1732,0
89,19,538,1
59,15,1872,1
148,2,1666,0
99,16,1576,0
146,4,1123,0
171,7,1160,0
160,11,1776,0
183,11,352,0
123,0,1074,0
181,0,1454,0
13,14,2027,1
190,16,699,0
177,1,697,0
154,16,1435,0
164,19,430,0
46,8,1739,0
57,11,211,0
191,3,68,0
78,12,1023,0
43,3,1913,0
126,6,292,0
19,13,178,1
161,8,1249,0
127,0,458,0
115,0,841,0
135,19,992,0
87,3,1157,0
14,0,1449,0
96,9,271,0
33,1,1398,0
39,14,1524,1
10,2,1489,1
144,8,1730,0
115,16,494,0
42,12,667,1
81,2,1398,0
97,3,572,0
151,3,215,0
71,10,757,0
140,6,792,0
12,10,1732,1
126,10,1944,0
88,9,1311,0
179,4,1058,0
136,12,962,0
183,11,1086,0
89,9,1804,0
199,6,1330,0
49,18,1587,1
140,18,1283,0
91,18,1557,0
20,11,414,1
81,19,274,1
199,14,1045,0
13,4,243,1
64,13,1269,1
82,11,1473,0
81,10,1845,0
75,4,106,0
19,15,2042,1
75,17,1698,1
106,11,262,0
173,4,1352,0
26,15,1829,1
156,11,1453,0
117,1,166,0
176,5,1971,0
5,3,1524,1
14,12,648,1
114,9,459,0
188,16,1966,0
117,13,1440,0
54,14,1848,1
16,7,861,1
93,17,978,0
192,2,1186,0
158,16,2033,0
116,6,1237,0
82,12,53,0
173,15,1703,0
168,4,72,0
125,3,970,0
27,9,794,1
175,12,651,0
138,9,1037,0
175,13,1840,0
29,11,1165,1
22,0,518,0
194,19,1019,0
145,19,1228,0
47,6,1892,0
82,8,676,0
32,7,256,1
150,12,1063,0
63,13,130,1
192,11,664,0
67,7,532,0
189,17,2038,0
96,15,641,0
183,10,1480,0
60,15,1176,1
159,13,1313,0
164,2,1338,0
115,1,82,0
141,2,84,0
72,3,1322,0
50,4,1049,0
71,9,1123,0
158,19,329,0
140,1,1827,0
10,11,201,1
28,4,1732,0
180,4,1624,0
98,0,750,0
177,3,1610,0
17,11,1829,1
29,11,784,1
152,15,1068,0
122,16,1303,0
86,9,714,0
115,16,972,0
86,16,1361,0
70,17,1468,1
49,1,502,0
118,3,669,0
179,18,1106,0
67,10,1988,0
80,16,1436,1
118,11,1184,0
115,1,1194,0
187,5,65,0
151,8,788,0
39,4,1596,0
57,19,764,1
30,8,763,1
18,7,147,1
122,19,165,0
49,7,1014,0
176,5,1544,0
197,2,1512,0
55,4,1354,0
175,8,398,0
123,6,281,0
155,3,2046,0
188,6,1184,0
23,4,1425,0
86,10,2003,0
80,14,1085,0
187,1,1033,0
96,12,1561,0
192,15,1606,0
191,6,688,0
37,7,334,0
151,5,2020,0
32,6,1706,0
127,17,685,0
184,19,1992,0
130,6,594,0
181,2,441,0
41,4,1243,0
158,0,126,0
103,14,2038,0
102,2,346,0
131,7,379,0
172,8,1136,0
84,14,319,0
42,9,265,1
81,1,1263,0
130,19,1148,0
91,4,1759,0
58,18,559,1
154,12,628,0
20,10,1166,1
32,0,1126,0
167,14,545,0
192,17,997,0
177,15,143,0
50,8,674,0
76,0,278,0
187,10,299,0
89,8,1464,0
30,10,770,1
89,12,1029,0
157,1,231,0
69,13,316,0
138,5,1053,0
155,7,330,0
119,17,2028,0
68,15,1011,1
91,11,716,0
175,10,1156,0
111,5,1259,0
155,2,1934,0
100,13,1724,0
162,1,1640,0
81,10,580,0
150,2,1421,0
91,17,472,0
153,0,1030,0
61,0,1931,0
107,11,503,0
155,14,316,0
95,4,556,0
49,5,1215,0
176,15,365,0
92,11,1749,0
119,11,813,0
51,2,1305,0
172,1,1370,0
183,6,947,0
174,1,1002,0
139,6,924,0
54,10,1645,0
180,10,965,0
88,13,71,0
95,2,433,0
138,13,1199,0
95,10,152,0
141,3,949,0
113,16,2025,0
61,15,782,1
35,2,159,0
25,9,1643,1
94,14,1545,0
44,7,1138,0
116,17,1545,0
49,2,1643,0
81,6,719,0
181,9,1149,0
91,19,1092,1
152,8,433,0
105,13,239,0
121,13,811,0
96,10,409,0
149,0,924,0
32,3,935,0
173,5,1525,0
198,4,128,0
29,2,645,0
62,1,1245,0
45,2,1285,0
138,8,935,0
79,18,1064,1
42,18,1518,1
138,16,198,0
177,17,59,0
79,10,1615,0
146,11,841,0
70,2,2017,0
172,17,1128,0
7,5,921,1
121,6,1712,0
103,0,229,0
156,5,793,0
23,17,430,1
150,12,1495,0
196,18,500,0
120,6,1166,0
129,18,1593,0
92,8,1486,0
39,2,1832,0
194,11,443,0
5,19,1014,1
157,17,1404,0
177,7,1781,0
181,8,482,0
130,12,1003,0
93,7,1236,0
148,9,995,0
151,16,1113,0
155,6,815,0
29,16,957,1
20,17,134,1
186,1,833,0
77,2,1663,0
133,18,1798,0
46,0,865,0
151,9,1840,0
166,13,1164,0
84,12,1557,0
108,8,1458,0
187,5,1266,0
150,5,1326,0
38,18,1863,1
93,9,1728,0
129,2,1317,0
49,17,1797,1
138,18,756,0
25,4,319,0
126,10,890,0
74,9,1092,0
100,16,1113,0
109,3,1683,0
52,17,565,1
43,17,1106,1
35,0,1884,0
14,13,1750,1
34,7,499,1
22,1,1612,0
192,18,734,0
92,14,1922,0
129,1,674,0
77,3,2019,0
19,0,934,0
8,18,1965,1
195,9,1680,0
172,0,368,0
13,19,1818,1
113,14,1719,0
141,3,1197,0
158,6,1445,0
136,6,1424,0
20,17,1396,1
147,12,537,0
103,9,500,0
125,7,402,0
56,9,1189,0
73,13,1004,0
9,13,1086,1
24,19,1990,1
83,10,369,0
150,5,1238,0
115,0,1793,0
6,18,134,1
97,6,297,0
17,17,1505,1
8,2,617,1
174,19,733,0
113,10,1726,0
78,4,693,0
193,18,528,0
99,1,762,0
109,3,417,0
12,9,1874,1
71,1,2006,0
195,7,1894,0
114,0,406,0
13,5,457,1
121,10,1418,0
15,9,228,1
103,12,1498,0
46,0,1614,0
145,1,1516,0
168,2,2009,0
124,8,1892,0
145,4,1379,0
16,9,416,1
41,9,1109,1
78,11,512,0
77,17,1694,1
56,0,877,0
134,2,1219,0
60,4,1861,0
64,16,1974,1
27,7,195,1
107,16,429,0
44,8,217,0
68,5,1842,0
89,16,1348,0
155,7,136,0
161,6,203,0
183,6,546,0
93,14,1870,0
35,6,364,0
182,7,1904,0
24,8,1683,1
187,14,772,0
134,1,2031,0
157,6,1633,0
17,14,1903,1
126,17,1347,0
107,17,1779,0
110,9,813,0
123,17,1868,0
74,0,311,0
199,6,536,0
190,2,503,0
103,13,492,0
86,11,1335,0
79,13,592,0
122,3,1178,0
88,12,399,0
196,15,873,0
73,15,487,1
63,4,218,0
192,19,1821,0
130,5,1859,0
115,5,1416,0
66,17,1303,1
148,5,72,0
132,6,1037,0
109,15,725,0
72,8,330,0
19,12,1592,1
187,11,771,0
39,18,302,1
187,0,453,0
18,7,182,1
181,3,1347,0
106,18,667,0
104,4,281,0
11,16,594,1
34,2,128,0
53,18,1108,1
148,0,544,0
115,0,1183,0
183,19,1394,0
76,8,1648,0
84,4,377,0
87,6,1016,0
46,5,1882,0
21,16,739,1
195,16,433,0
177,12,1437,0
11,11,1305,1
159,3,1689,0
14,7,1487,1
38,4,1367,0
40,4,596,0
157,12,1779,0
10,10,1247,1
156,7,441,0
150,7,1175,0
138,0,1909,0
33,12,1366,1
130,4,1158,0
157,7,958,0
187,16,1274,0
85,12,734,0
178,8,590,0
156,1,346,0
79,18,105,1
30,19,1545,1
131,16,1089,0
119,6,1725,0
130,2,115,0
32,18,1007,1
135,18,1732,0
79,8,1743,0
170,9,1985,0
193,13,1545,0
82,17,1982,1
183,14,1654,0
94,0,1096,0
180,5,751,0
25,14,809,1
58,5,535,0
188,17,1488,0
107,0,870,0
63,2,937,0
76,16,1730,1
183,15,1969,0
24,7,1378,1
116,16,226,0
63,7,244,0
75,16,1995,1
141,8,1086,0
113,11,925,0
133,18,215,0
161,3,1223,0
195,10,1414,0
60,3,1998,0
39,13,606,1
127,13,1247,0
135,5,216,0
108,16,758,0
11,1,767,0
31,7,1667,1
5,3,1653,1
176,9,146,0
91,6,728,0
45,3,453,0
127,15,1150,0
79,13,1310,0
46,15,1781,1
121,8,340,0
165,3,185,0
182,5,1893,0
67,0,1881,0
169,6,938,0
191,0,930,0
131,18,416,0
180,7,597,0
137,2,951,0
52,0,297,0
7,0,815,0
120,6,1287,0
179,12,1837,0
194,0,119,0
103,15,795,0
120,13,1045,0
18,3,378,0
195,11,1089,0
116,11,1560,0
65,16,1247,1
163,14,748,0
99,9,855,0
21,2,1810,0
128,19,323,0
28,19,573,1
120,11,1895,0
155,0,268,0
86,0,1073,0
54,9,2016,0
83,17,562,1
83,14,1472,0
74,1,1184,0
31,16,513,1
19,7,1862,1
54,8,1714,0
40,19,1166,1
12,10,500,1
83,5,1469,0
135,13,1965,0
194,0,973,0
51,6,1624,0
109,8,982,0
102,10,528,0
100,15,365,0
193,18,720,0
164,1,747,0
120,14,1042,0
17,2,1426,0
5,3,817,1
38,19,1312,1
194,6,1177,0
83,11,956,0
82,3,927,0
125,9,1102,0
97,5,138,0
102,13,424,0
86,2,1470,0
163,16,1636,0
196,10,413,0
157,9,2023,0
42,9,196,1
18,9,363,1
140,2,597,0
95,14,845,0
58,16,1525,1
134,17,948,0
105,18,1579,0
93,18,1559,0
60,11,150,0
98,4,156,0
97,15,906,0
88,14,986,0
89,14,340,0
193,5,1422,0
26,11,666,1
39,1,1806,0
20,19,637,1
54,8,1300,0
126,3,645,0
132,4,1026,0
117,7,1661,0
175,9,1834,0
21,6,1840,1
84,13,1123,0
190,4,917,0
134,15,1019,0
136,14,771,0
89,4,207,0
171,2,377,0
98,9,1818,0
138,4,1956,0
85,14,1150,0
73,17,784,1
73,7,682,0
152,1,1527,0
196,7,1383,0
20,7,376,1
55,3,557,0
109,18,1926,0
169,17,919,0
174,0,1180,0
189,19,290,0
70,14,484,1
13,17,1101,1
111,11,753,0
104,0,1322,0
90,6,1437,0
68,18,1798,1
26,0,1606,0
166,6,1545,0
187,1,1740,0
161,6,1612,0
170,18,638,0
114,12,1891,0
101,4,462,0
22,18,2008,1
75,0,618,0
197,0,1704,0
131,17,1238,0
101,0,1038,0
5,4,1649,1
136,8,1121,0
8,11,1735,1
129,8,533,0
86,17,1231,0
31,10,717,1
175,0,200,0
63,18,274,1
36,9,1333,1
165,1,1460,0
32,6,305,0
110,19,110,0
109,1,1937,0
187,18,1845,0
192,5,1906,0
74,9,445,0
66,8,1470,0
38,7,1235,0
91,10,429,0
118,8,1516,0
110,19,398,0
60,19,2042,1
117,8,80,0
17,7,120,1
188,14,446,0
22,1,1511,0
186,0,51,0
117,8,978,0
175,8,611,0
43,12,1208,1
193,7,195,0
174,4,228,0
83,2,313,0
150,3,1384,0
155,16,253,0
186,15,1884,0
34,15,748,1
102,19,1103,0
62,2,108,0
71,5,1082,0
75,0,1037,0
150,15,1397,0
110,14,216,0
11,6,1410,1
44,1,956,0
74,9,1452,0
197,14,947,0
72,5,840,0
53,1,1776,0
56,16,291,1
118,0,1863,0
111,0,2030,0
33,3,1739,0
153,19,957,0
82,15,1233,0
13,7,826,1
179,0,1308,0
80,18,1526,1
46,10,1931,1
183,16,248,0
188,9,1550,0
183,11,1106,0
132,8,457,0
24,6,1162,1
159,11,1680,0
170,14,270,0
76,7,1142,0
69,16,1367,1
186,4,1310,0
117,13,1980,0
28,1,1233,0
132,15,1905,0
179,16,889,0
87,2,837,0
67,0,1363,0
189,17,1952,0
187,17,603,0
64,3,1977,0
103,14,627,0
66,18,582,1
34,18,384,1
26,9,1070,1
130,4,1655,0
161,18,1846,0
173,10,1575,0
46,6,295,0
102,4,1396,0
197,19,1820,0
35,11,2012,1
162,18,1857,0
116,14,660,0
150,11,378,0
126,3,596,0
21,11,388,1
42,17,1244,1
146,16,1183,0
114,18,1043,0
188,15,856,0
26,10,1083,1
199,1,1275,0
60,15,1989,1
123,0,1330,0
151,16,1335,0
61,17,742,1
176,12,479,0
39,4,1580,0
118,5,1139,0
129,0,855,0
133,9,1746,0
56,4,1652,0
89,0,661,0
169,10,1662,0
69,6,84,0
183,17,606,0
133,19,1735,0
25,9,540,1
185,14,1653,0
20,3,303,0
127,15,66,0
65,14,310,1
58,14,1798,1
172,11,1898,0
30,7,1329,1
84,7,777,0
69,17,1936,1
104,5,1497,0
78,4,550,0
196,1,1065,0
175,11,335,0
21,3,2011,0
125,12,56,0
191,16,1570,0
27,15,1965,1
139,8,1272,0
176,0,1676,0
185,14,708,0
75,11,986,0
112,4,1491,0
83,17,1735,1
166,19,101,0
50,1,292,0
82,3,1292,0
20,14,567,1
75,5,1019,0
100,11,158,0
151,17,1424,0
6,19,970,1
14,3,115,1
182,0,1083,0
129,14,251,0
85,17,1867,1
144,13,950,0
74,2,263,0
154,14,117,0
36,4,808,0
109,2,915,0
88,6,376,0
133,5,1123,0
186,0,1090,0
62,18,572,1
150,6,1894,0
138,3,1379,0
49,11,1465,1
101,19,1037,0
27,17,1197,1
27,8,1053,1
158,18,553,0
139,3,1298,0
83,0,805,0
48,8,1391,0
31,14,522,1
30,7,1917,1
101,14,1964,0
40,14,907,1
113,17,590,0
59,6,1431,0
196,17,1556,0
189,15,918,0
73,1,927,0
65,3,989,0
134,19,926,0
59,15,1502,1
126,2,846,0
101,1,1570,0
84,2,521,0
91,4,1644,0
42,1,1728,0
123,18,887,0
82,19,1937,1
161,1,1373,0
158,1,1811,0
39,19,1749,1
83,17,133,1
71,19,426,1
91,13,1386,0
161,14,1702,0
38,11,1393,1
101,10,253,0
173,10,1428,0
173,6,1058,0
155,11,1367,0
75,15,553,1
7,4,1218,1
62,1,588,0
36,15,66,1
35,14,624,1
86,10,1852,0
47,5,625,0
139,12,1064,0
109,18,1112,0
5,9,179,1
65,18,164,1
18,4,1523,1
184,6,999,0
10,10,1998,1
107,13,1118,0
14,15,265,1
75,17,1673,1
94,3,897,0
162,0,1488,0
153,14,738,0
130,13,1052,0
192,18,314,0
101,4,1996,0
78,3,1513,0
119,12,666,0
195,17,1454,0
174,11,1919,0
55,14,350,1
196,8,1034,0
60,3,1244,0
45,4,1693,0
36,8,455,1
19,12,1428,1
66,9,210,0
159,15,1868,0
32,12,1625,1
68,3,75,0
191,12,132,0
190,7,222,0
134,12,1048,0
131,14,1758,0
40,19,843,1
118,19,1143,0
17,12,884,1
19,4,55,1
93,5,845,0
192,4,1268,0
26,12,574,1
195,4,112,0
78,12,1086,0
29,19,810,1
105,7,254,0
180,8,946,0
175,18,1838,0
121,19,89,0
170,14,1238,0
45,9,1104,1
177,10,1602,0
92,4,1722,0
172,8,926,0
114,10,1905,0
124,18,874,0
101,1,958,0
149,5,1750,0
61,0,447,0
134,2,1532,0
100,2,1866,0
125,13,1296,0
66,19,683,1
141,4,1151,0
72,16,1898,1
85,14,888,0
21,5,649,1
121,13,674,0
54,13,1685,1
116,16,2011,0
98,7,987,0
172,7,1888,0
190,18,933,0
89,8,1501,0
153,10,474,0
150,12,436,0
187,12,1312,0
161,18,1053,0
156,18,907,0
78,4,672,0
113,15,139,0
149,8,434,0
22,19,1212,1
46,2,1046,0
105,18,696,0
49,4,1597,0
86,7,1317,0
21,13,1578,1
77,2,471,0
18,12,1255,1
181,10,1268,0
161,7,923,0
136,18,1707,0
86,9,102,0
152,17,1035,0
124,17,1063,0
124,6,2001,0
51,15,1941,1
111,5,734,0
112,15,228,0
13,15,342,1
83,0,424,0
159,18,1132,0
19,2,1127,0
23,5,1987,1
94,3,1842,0
184,3,1318,0
30,3,1222,0
158,9,845,0
158,8,1441,0
178,7,65,0
96,18,225,0
181,16,1613,0
86,16,1479,0
185,0,1540,0
135,19,1953,0
198,13,178,0
46,19,1296,1
23,10,933,1
21,2,1317,0
165,7,475,0
80,9,403,0
181,16,799,0
188,7,793,0
67,0,1399,0
135,19,1677,0
111,6,1076,0
53,8,528,0
59,11,1025,0
158,8,1154,0
103,19,93,0
56,2,204,0
104,3,996,0
121,9,1609,0
122,3,1989,0
11,8,977,1
50,0,148,0
50,4,1470,0
104,8,1953,0
148,4,220,0
156,5,197,0
193,18,172,0
58,7,161,0
66,9,1072,0
133,10,1061,0
53,12,1203,1
29,19,117,1
14,3,1932,1
122,10,877,0
148,11,1802,0
190,4,1973,0
161,9,941,0
96,6,1681,0
138,8,1730,0
148,8,1970,0
152,9,1618,0
84,9,1359,0
75,1,1078,0
82,3,1191,0
47,7,1725,0
158,13,279,0
94,16,209,0
82,12,1367,0
165,17,1834,0
30,17,1858,1
125,12,235,0
49,7,1063,0
67,11,926,0
199,0,601,0
184,19,1297,0
72,17,1225,1
158,2,1213,0
6,11,1440,1
146,18,1201,0
112,12,1424,0
34,9,196,1
53,14,1358,1
144,19,1542,0
48,1,1291,0
165,18,485,0
17,2,781,0
82,13,1218,0
130,6,1914,0
102,7,1350,0
30,10,1827,1
153,19,109,0
160,5,1683,0
52,10,892,0
172,16,1448,0
70,9,453,0
91,16,930,0
83,1,1766,0
27,5,1187,0
85,4,1568,0
52,3,664,0
128,1,385,0
134,11,880,0
88,2,1642,0
24,5,334,1
191,13,178,0
50,7,1965,0
135,13,364,0
187,2,1009,0
16,15,1671,1
44,14,1785,1
70,6,120,0
104,14,394,0
82,12,1171,0
20,5,1373,1
87,14,225,0
166,16,1818,0
48,3,933,0
138,13,1148,0
196,14,192,0
104,11,980,0
26,18,1096,1
22,9,230,1
16,5,1118,1
184,8,1542,0
127,1,141,0
121,3,1342,0
55,8,83,0
75,14,727,0
52,12,1655,1
23,19,1437,1
10,7,1781,1
88,18,1206,1
159,18,808,0
57,15,431,1
111,10,1753,0
105,9,1015,0
52,7,1350,0
139,0,1229,0
191,9,436,0
73,17,584,1
15,2,249,0
147,10,324,0
196,17,550,0
135,2,508,0
126,7,99,0
73,13,1019,0
27,5,1771,0
185,14,1037,0
41,13,581,1
13,6,1053,1
19,9,677,1
135,14,1165,0
97,9,1934,0
21,16,1529,1
158,18,388,0
153,16,1126,0
76,11,1569,0
153,14,1708,0
125,11,1926,0
15,8,1923,1
170,4,1850,0
76,3,53,0
110,11,1754,0
129,15,330,0
39,8,1363,1
123,2,122,0
18,2,1210,0
18,17,1923,1
14,16,817,1
144,9,1020,0
42,1,1726,0
112,10,1047,0
123,2,1466,0
38,1,257,0
173,8,309,0
14,18,979,1
126,1,312,0
149,18,832,0
149,1,554,0
199,14,1623,0
194,2,252,0
119,4,1809,0
5,10,1420,1
16,6,101,1
107,5,1666,0
8,13,1429,1
174,0,1796,0
145,16,1592,0
102,16,412,0
110,13,94,0
89,9,876,0
125,7,1451,0
136,7,838,0
86,13,1485,0
23,6,820,1
134,5,191,0
16,3,1331,0
85,0,846,0
78,14,1987,0
102,14,86,0
10,0,2014,0
140,19,94,0
129,2,969,0
55,4,1705,0
15,4,1119,1
195,3,1725,0
189,16,614,0
131,19,350,0
144,13,337,0
77,7,835,0
6,1,318,0
12,7,1973,1
143,0,840,0
128,3,1135,0
57,18,1639,1
14,4,2043,1
116,4,2024,0
12,19,630,1
40,18,1315,1
110,11,985,0
18,19,1855,1
186,0,1837,0
90,6,403,0
153,16,1869,0
54,1,1017,0
171,10,1936,0
24,6,120,1
91,16,884,0
139,2,462,0
141,5,661,0
133,10,1134,0
158,17,664,0
170,17,1525,0
42,9,1466,1
193,4,1704,0
48,14,578,1
90,19,1378,1
48,3,240,0
78,0,1797,0
123,14,127,0
194,16,1631,0
126,18,1678,0
138,13,938,0
149,18,1598,0
55,17,1813,1
42,1,1374,0
156,5,998,0
55,12,66,1
14,16,864,1
124,5,1647,0
153,4,483,0
74,6,1116,0
89,0,1141,0
61,12,1453,0
130,18,261,0
43,0,252,0
37,12,775,1
191,10,158,0
22,6,1017,1
188,19,333,0
61,2,990,0
100,0,2010,0
52,7,1679,0
46,16,1298,1
31,12,786,1
78,13,1824,0
114,4,1191,0
184,5,981,0
174,5,652,0
36,7,1413,0
30,12,1874,1
29,17,1354,1
79,3,540,0
27,16,68,1
61,4,1248,0
184,2,1542,0
130,3,1691,0
91,4,850,0
35,13,809,1
68,14,1908,1
37,19,1215,1
6,16,1536,1
22,5,978,1
179,9,347,0
165,15,1543,0
88,16,754,0
39,13,1936,1
183,19,864,0
118,11,852,0
150,8,422,0
114,14,1541,0
92,11,977,0
76,13,1000,0
129,17,1511,0
34,19,893,1
176,5,996,0
57,3,1793,0
142,11,492,0
91,12,1529,0
184,18,1321,0
181,12,191,0
143,11,451,0
198,19,1969,0
190,2,872,0
168,2,271,0
165,13,786,0
179,17,1939,0
17,18,1257,1
44,9,1437,1
93,16,1890,0
72,14,1043,0
46,18,1261,1
151,8,162,0
98,3,1254,0
23,14,1272,1
190,18,1975,0
27,15,1143,1
58,7,647,0
69,16,953,1
144,0,534,0
28,6,1472,1
38,17,1995,1
57,11,600,0
140,15,1716,0
22,0,2026,0
61,14,1083,1
116,6,52,0
9,16,1551,1
158,2,1887,0
162,10,711,0
186,5,116,0
17,5,754,1
87,14,1170,0
33,6,1604,0
7,10,1391,1
94,16,147,0
108,17,1130,0
127,18,1936,0
190,7,1180,0
80,19,137,1
134,7,1021,0
112,10,702,0
160,2,705,0
86,13,961,0
81,8,420,0
6,0,424,0
131,0,101,0
139,11,1797,0
30,10,90,1
92,0,865,0
20,19,140,1
155,11,88,0
172,16,1086,0
192,14,949,0
77,1,1681,0
36,17,670,1
19,15,153,1
145,3,1939,0
9,7,792,1
78,1,92,0
56,13,258,1
81,14,649,0
173,8,654,0
185,1,1759,0
114,16,525,0
182,9,1711,0
147,8,158,0
110,1,1632,0
131,18,263,0
11,16,1677,1
44,10,1766,1
160,16,458,0
164,9,1626,0
103,17,820,0
147,5,682,0
89,15,126,0
69,17,144,1
136,19,318,0
15,17,410,1
112,0,579,0
30,2,1878,0
193,14,732,0
169,19,211,0
155,9,514,0
89,4,872,0
172,14,1637,0
155,13,597,0
127,14,2023,0
148,9,1260,0
193,8,1955,0
72,11,1833,0
108,6,101,0
84,4,537,0
163,9,1604,0
57,7,1469,0
110,19,141,0
157,15,700,0
48,11,1889,1
144,8,406,0
94,9,1805,0
105,15,1684,0
101,9,1821,0
13,8,768,1
16,2,1217,0
73,18,248,1
186,10,864,0
186,5,1396,0
32,5,1872,0
60,14,1405,1
103,14,1337,0
114,12,266,0
81,4,1774,0
107,13,605,0
110,1,1507,0
113,11,852,0
116,19,1533,0
62,13,750,1
82,18,552,1
79,19,518,1
46,14,2024,1
170,19,1779,0
72,16,1855,1
185,13,415,0
37,17,1845,1
75,4,1986,0
60,11,1312,0
109,9,673,0
105,7,1654,0
55,5,969,0
78,14,610,0
175,11,872,0
125,5,1016,0
147,11,712,0
170,14,800,0
147,11,1922,0
9,8,1469,1
87,18,1468,1
186,1,1700,0
55,12,1148,1
14,12,1171,1
144,7,432,0
8,12,1696,1
99,3,1942,0
150,5,1443,0
84,5,1358,0
40,11,1329,1
29,11,1903,1
102,16,358,0
168,6,1702,0
105,14,225,0
199,16,277,0
13,9,396,1
65,19,1691,1
57,5,1415,0
150,8,1969,0
175,14,2035,0
167,15,1312,0
67,7,1685,0
125,15,1070,0
109,4,1761,0
8,17,399,1
97,19,2028,0
173,13,504,0
177,1,490,0
182,2,810,0
32,13,1661,1
174,6,564,0
84,14,1154,0
80,16,1434,1
120,0,337,0
73,8,57,0
102,13,136,0
5,15,1047,1
171,12,335,0
100,5,1472,0
21,0,123,0
116,3,1512,0
95,2,1196,0
92,16,1450,0
167,1,855,0
178,18,1216,0
174,19,207,0
171,7,479,0
94,14,1521,0
53,5,1483,0
194,19,1444,0
42,1,1182,0
155,14,895,0
154,19,1780,0
136,11,85,0
181,2,1163,0
63,9,1070,0
72,13,1023,0
134,13,1488,0
53,2,2047,0
130,0,1067,0
163,19,1369,0
115,0,1915,0
172,1,762,0
52,18,1119,1
55,9,537,0
47,3,668,0
102,3,219,0
187,12,195,0
181,8,917,0
128,6,469,0
84,15,2045,0
189,17,1763,0
115,2,622,0
147,19,2009,0
31,19,1076,1
196,9,1667,0
162,15,1336,0
168,2,848,0
199,10,370,0
117,9,1680,0
90,15,1649,0
118,7,295,0
128,8,1662,0
53,14,526,1
80,2,1332,0
59,3,1166,0
60,12,1876,1
99,11,832,0
48,8,582,0
163,13,1647,0
190,18,1412,0
91,6,1997,0
185,15,1333,0
88,19,286,1
155,4,1214,0
160,9,1024,0
20,17,2020,1
169,10,2017,0
153,6,728,0
149,13,1553,0
41,19,628,1
81,17,1423,1
151,10,1643,0
162,11,1797,0
49,17,179,1
150,1,1610,0
66,0,60,0
168,9,306,0
104,0,865,0
56,5,418,0
23,6,993,1
113,16,1467,0
48,8,1666,0
11,6,1871,1
176,16,1492,0
121,2,931,0
72,15,68,1
38,4,159,0
198,19,1510,0
73,17,554,1
59,0,1107,0
14,3,1361,1
46,10,1917,1
45,19,1052,1
126,8,304,0
142,7,687,0
14,7,1794,1
106,4,183,0
192,11,548,0
132,0,446,0
183,14,1560,0
153,17,1671,0
140,5,1660,0
197,9,2033,0
96,13,696,0
117,7,1886,0
82,2,734,0
89,18,1286,1
34,11,1906,1
53,11,1423,1
13,14,68,1
149,6,1060,0
73,3,168,0
62,8,1888,0
189,15,351,0
66,12,1358,0
56,3,276,0
193,8,1580,0
44,17,1574,1
170,14,1285,0
175,14,405,0
67,5,750,0
151,10,536,0
54,7,1394,0
165,16,1736,0
145,16,272,0
82,17,1713,1
101,3,1833,0
194,14,1636,0
47,1,1264,0
181,1,1044,0
40,9,549,1
126,2,1568,0
112,7,1310,0
14,19,1095,1
99,6,1695,0
10,11,1400,1
61,18,1618,1
133,14,1200,0
75,13,414,0
190,15,1941,0
25,13,1117,1
96,2,568,0
131,17,1201,0
84,5,1676,0
60,16,1203,1
120,13,578,0
152,13,1394,0
186,19,235,0
29,12,1695,1
160,2,847,0
9,12,1031,1
124,1,397,0
25,8,1554,1
22,12,971,1
179,7,1748,0
61,15,2032,1
97,2,1660,0
23,12,1784,1
132,3,1997,0
101,17,970,0
197,1,1006,0
135,19,410,0
174,14,1360,0
25,16,231,1
44,9,1524,1
71,0,146,0
157,5,612,0
131,2,363,0
59,18,1619,1
184,6,1004,0
176,12,70,0
113,12,1769,0
102,16,854,0
188,0,625,0
187,13,1570,0
116,2,452,0
119,13,1197,0
121,0,662,0
91,15,1192,0
85,9,1926,0
70,12,1663,0
23,3,1019,0
139,8,742,0
122,13,1784,0
195,3,1550,0
46,9,1008,0
46,7,921,0
63,2,1775,0
24,6,889,1
77,9,152,0
21,2,382,0
31,1,1951,0
179,14,1860,0
6,8,1532,1
67,14,1203,1
66,16,802,1
104,6,183,0
23,19,1230,1
21,17,474,1
73,14,1508,0
171,17,1462,0
121,11,986,0
85,7,1391,0
43,1,1743,0
40,1,554,0
172,4,920,0
177,0,239,0
136,3,661,0
157,5,1484,0
162,12,2019,0
33,18,101,1
55,10,1634,0
156,12,1519,0
18,7,661,1
73,6,1517,0
150,12,1455,0
174,0,1836,0
61,5,423,0
16,6,1639,1
21,15,424,1
34,14,438,1
92,19,1722,1
103,1,723,0
27,15,1939,1
133,16,853,0
83,14,1552,0
36,2,453,0
13,3,642,1
19,11,1541,1
160,4,781,0
156,16,1670,0
192,5,554,0
167,9,132,0
31,17,368,1
113,9,1140,0
80,5,463,0
152,5,502,0
69,19,795,1
181,14,247,0
113,3,308,0
133,15,1762,0
14,7,347,1
51,6,1353,0
127,18,349,0
63,16,178,1
100,12,547,0
194,14,1956,0
107,1,487,0
128,9,1765,0
90,12,1365,0
150,17,256,0
116,10,343,0
178,12,2013,0
164,18,1923,0
31,4,1760,0
22,2,78,0
171,18,228,0
181,12,90,0
86,4,1543,0
176,11,1265,0
76,13,393,0
58,5,1822,0
166,8,865,0
75,16,2046,1
168,7,786,0
150,12,675,0
42,4,327,0
191,16,1428,0
141,2,578,0
183,5,135,0
39,13,1974,1
86,14,366,0
137,13,1930,0
146,10,1975,0
162,10,742,0
8,8,1410,1
171,5,912,0
196,14,1218,0
157,11,364,0
160,5,274,0
198,0,1496,0
154,15,1127,0
163,19,1967,0
27,14,2017,1
52,1,2006,0
152,16,1889,0
129,2,117,0
170,2,1692,0
59,4,1407,0
72,16,1070,1
92,16,1150,0
5,19,1612,1
139,5,905,0
189,0,1228,0
99,6,1145,0
144,14,1574,0
110,6,1520,0
137,18,1765,0
112,19,1632,0
182,10,1827,0
46,13,1432,1
106,12,1350,0
128,19,932,0
144,8,1386,0
107,8,1178,0
150,15,1020,0
198,11,1168,0
78,9,1292,0
112,5,1755,0
126,17,1951,0
21,1,2017,0
75,19,1868,1
66,8,1201,0
45,18,249,1
123,5,2002,0
166,1,381,0
49,14,596,1
62,16,1939,1
183,15,1729,0
130,7,1365,0
166,9,115,0
48,9,2045,0
19,17,780,1
82,9,617,0
74,8,706,0
182,18,453,0
105,0,1798,0
164,3,1679,0
199,2,667,0
7,9,645,1
90,11,697,0
78,17,195,1
55,19,810,1
71,5,1603,0
80,1,1475,0
97,9,174,0
180,1,1587,0
149,8,1405,0
11,9,529,1
17,1,1051,0
124,7,761,0
70,16,2020,1
8,16,1723,1
142,3,764,0
92,17,1471,0
21,11,1867,1
56,16,864,1
138,8,1103,0
73,18,105,1
141,13,1704,0
25,13,2011,1
28,16,181,1
8,1,280,0
156,7,444,0
191,4,1225,0
7,6,1575,1
72,15,1031,1
105,15,1012,0
172,16,982,0
180,6,1579,0
58,19,1459,1
39,7,957,0
60,7,582,0
112,10,1014,0
44,14,2040,1
72,17,497,1
50,5,1653,0
82,11,175,0
145,14,604,0
159,5,743,0
10,17,538,1
21,19,661,1
168,8,940,0
103,7,495,0
85,13,1543,0
6,18,1422,1
81,18,557,1
184,7,506,0
70,1,1035,0
56,3,1981,0
96,5,1825,0
175,2,434,0
26,2,761,0
115,18,978,0
111,10,1521,0
187,9,1701,0
71,11,1188,0
192,13,501,0
190,17,703,0
144,8,1192,0
73,14,1166,0
88,2,1983,0
107,10,570,0
43,9,1658,1
17,17,587,1
45,3,1506,0
61,12,1824,0
185,5,1947,0
16,12,194,1
17,19,1141,1
124,4,749,0
101,19,1951,0
61,13,180,1
44,12,782,1
122,13,1354,0
84,7,1862,0
132,15,1725,0
177,12,1639,0
39,14,562,1
7,18,689,1
124,0,50,0
9,1,1758,0
15,17,2015,1
130,18,481,0
75,7,440,0
121,2,1339,0
188,13,448,0
142,8,857,0
110,7,1329,0
120,16,444,0
166,15,1001,0
71,9,223,0
35,9,1118,1
79,5,904,0
75,16,1214,1
70,15,588,1
74,14,794,0
45,13,770,1
195,3,99,0
164,3,1134,0
24,1,292,0
189,10,1342,0
182,3,1213,0
157,15,1230,0
144,3,646,0
43,0,1669,0
149,18,325,0
49,1,1104,0
143,8,57,0
74,12,1865,0
129,17,764,0
155,15,2008,0
95,15,82,0
74,9,859,0
170,8,1728,0
134,10,1525,0
88,3,1522,0
93,9,977,0
83,2,1980,0
117,5,911,0
97,2,86,0
76,8,1732,0
169,2,2020,0
53,17,1813,1
56,7,83,0
37,7,504,0
26,14,493,1
118,12,1310,0
137,6,261,0
22,18,1894,1
170,7,1213,0
122,9,751,0
121,16,657,0
41,0,1779,0
68,12,1031,0
142,12,410,0
83,15,353,0
174,8,345,0
127,9,201,0
180,5,2019,0
48,4,1296,0
86,1,1269,0
91,10,649,0
20,8,1372,1
58,5,1602,0
106,7,1561,0
167,8,260,0
102,8,281,0
160,7,919,0
6,11,744,1
98,7,1747,0
145,2,416,0
173,12,530,0
63,18,1655,1
73,1,621,0
123,16,1252,0
96,15,1557,0
185,3,1662,0
49,17,1568,1
152,13,2042,0
28,1,1620,0
193,12,979,0
95,19,1089,1
98,16,515,0
62,14,1475,1
159,19,343,0
158,4,220,0
132,6,1105,0
11,17,312,1
174,10,1288,0
51,17,607,1
57,4,238,0
191,12,835,0
42,17,632,1
57,1,1051,0
147,19,1881,0
158,3,649,0
52,12,895,1
99,15,2019,0
151,5,1334,0
141,7,1255,0
68,15,1578,1
97,12,391,0
186,3,1003,0
129,1,71,0
183,8,1147,0
43,17,1675,1
8,16,1920,1
130,7,215,0
7,14,283,1
68,8,1448,0
33,16,1506,1
120,1,690,0
15,5,1407,1
101,4,1877,0
106,16,656,0
190,1,589,0
159,17,1939,0
25,9,1108,1
43,9,1517,1
106,5,1304,0
50,11,367,1
70,16,392,1
95,12,1503,0
168,19,1949,0
115,15,1028,0
86,9,686,0
127,1,1539,0
197,1,128,0
195,6,942,0
103,5,622,0
39,0,498,0
163,11,1802,0
160,12,331,0
107,11,724,0
133,18,106,0
29,8,240,1
47,9,693,0
88,16,1536,0
199,17,91,0
195,7,1559,0
55,6,1246,0
134,8,728,0
130,9,1323,0
196,11,1583,0
73,14,551,0
13,14,1266,1
6,3,839,1
166,3,1980,0
192,0,799,0
193,11,791,0
163,1,214,0
14,14,804,1
118,16,139,0
80,6,1764,0
168,5,1036,0
89,11,1131,0
53,18,2046,1
74,0,1336,0
181,13,697,0
135,3,799,0
137,4,868,0
193,0,292,0
94,0,712,0
30,5,907,0
76,4,1949,0
9,1,1832,0
19,4,268,1
127,8,58,0
148,18,479,0
5,14,1879,1
148,12,1952,0
169,11,62,0
7,4,1848,1
184,1,956,0
51,3,1019,0
99,17,1298,0
17,9,1816,1
124,12,739,0
59,11,1832,0
153,1,1140,0
70,14,1882,1
186,13,1742,0
159,9,726,0
170,7,1576,0
94,14,233,0
190,12,1054,0
66,7,257,0
106,13,577,0
178,0,1373,0
143,12,867,0
12,7,1052,1
101,17,1314,0
121,8,504,0
68,12,1815,0
25,2,951,0
119,17,1603,0
195,9,1732,0
89,4,293,0
196,5,1636,0
24,7,2035,1
12,6,820,1
62,17,287,1
50,13,1319,1
35,14,394,1
97,9,1557,0
13,11,359,1
19,6,1634,1
98,6,1357,0
158,10,87,0
142,12,1869,0
33,14,81,1
84,17,1316,1
40,6,1626,0
88,5,341,0
113,10,1688,0
122,7,341,0
41,19,1692,1
90,0,807,0
75,7,1455,0
155,7,1672,0
173,18,627,0
97,2,1211,0
84,4,1911,0
106,2,1273,0
160,14,1408,0
180,13,654,0
170,14,496,0
163,16,1421,0
18,17,327,1
121,1,1043,0
77,11,581,0
95,15,1874,0
94,3,1472,0
33,1,1464,0
183,13,1033,0
53,10,651,0
175,12,611,0
76,6,1083,0
137,9,640,0
46,0,1622,0
139,3,108,0
46,17,1161,1
168,5,508,0
109,1,153,0
31,2,880,0
62,13,838,1
50,7,153,0
70,15,1327,1
29,18,791,1
77,17,1408,1
121,5,1536,0
159,13,1622,0
133,2,350,0
91,15,703,0
78,0,604,0
174,11,677,0
184,13,1414,0
157,18,1565,0
186,18,1157,0
129,8,978,0
71,6,1332,0
10,13,409,1
129,4,136,0
62,17,477,1
74,8,416,0
57,6,392,0
70,8,396,0
62,3,1876,0
86,16,1994,0
91,11,145,0
6,5,1328,1
154,17,1927,0
41,7,1209,0
152,14,1321,0
107,2,1572,0
28,1,933,0
116,8,2031,0
69,7,535,0
197,3,1475,0
133,1,653,0
121,13,461,0
120,1,2044,0
109,1,1981,0
7,6,497,1
50,11,296,1
59,5,819,0
79,17,748,1
196,3,470,0
49,18,173,1
158,12,1333,0
81,19,1242,1
197,1,990,0
28,7,926,1
39,18,1184,1
28,8,1363,1
32,3,1672,0
20,15,62,1
63,18,1336,1
186,9,849,0
148,5,1096,0
19,15,994,1
15,9,249,1
197,12,1315,0
83,8,1312,0
119,6,352,0
72,3,1238,0
47,18,787,1
73,3,225,0
145,18,1102,0
142,18,726,0
79,11,584,0
107,12,1367,0
45,3,526,0
182,9,432,0
63,6,605,0
43,4,1846,0
7,16,1765,1
11,17,1369,1
53,10,1724,0
30,14,383,1
165,6,1321,0
105,17,1314,0
180,5,1179,0
83,17,947,1
6,15,980,1
131,1,734,0
164,18,610,0
136,0,172,0
24,10,1108,1
121,19,667,0
168,4,1037,0
36,15,889,1
32,0,465,0
81,18,757,1
5,13,1694,1
192,2,686,0
60,1,1400,0
39,4,1368,0
116,16,1505,0
34,17,396,1
58,0,86,0
40,14,1773,1
187,8,561,0
84,4,898,0
62,12,2043,0
87,18,1973,1
69,9,584,0
73,19,959,1
132,13,822,0
55,11,1779,1
26,10,1951,1
111,6,713,0
113,16,1091,0
120,17,76,0
105,6,585,0
185,19,1102,0
104,5,1724,0
168,10,1057,0
72,11,707,0
40,15,1708,1
184,18,689,0
185,18,1953,0
182,10,1190,0
173,15,1205,0
150,11,1362,0
26,7,1791,1
70,2,1309,0
25,1,91,0
104,5,1233,0
132,15,1837,0
48,19,1764,1
107,14,1198,0
51,13,1333,1
43,1,1349,0
33,19,262,1
58,17,2036,1
94,13,1546,0
89,17,885,0
21,1,751,0
84,0,1643,0
192,19,1504,0
163,1,1788,0
77,8,129,0
53,8,1004,0
105,15,1301,0
6,10,951,1
180,5,1168,0
146,11,473,0
63,2,2046,0
101,11,968,0
103,0,2021,0
190,8,565,0
107,19,214,0
190,5,1499,0
183,10,1046,0
6,2,1885,1
45,3,1042,0
127,9,942,0
86,18,1065,1
148,5,1115,0
136,0,1870,0
144,7,790,0
33,7,1476,1
139,5,804,0
18,16,1797,1
16,18,465,1
103,0,1373,0
137,14,1128,0
85,12,385,0
110,2,1974,0
36,1,930,0
78,2,1503,0
175,8,1021,0
85,15,734,0
73,12,1862,0
49,18,1407,1
110,17,790,0
141,11,1479,0
181,11,79,0
165,0,1608,0
104,19,1590,0
150,7,624,0
13,16,270,1
66,19,876,1
189,6,643,0
33,8,1567,1
129,16,803,0
118,9,1326,0
157,3,1637,0
147,6,1394,0
138,6,1112,0
124,7,1070,0
174,7,1538,0
161,15,1844,0
83,11,2011,0
97,14,1912,0
8,7,1484,1
86,8,1485,0
189,2,541,0
181,15,487,0
176,14,528,0
79,3,832,0
18,19,998,1
135,15,1057,0
118,9,121,0
66,10,631,0
110,4,269,0
68,10,1077,0
106,12,1935,0
177,14,1052,0
110,5,1986,0
190,15,339,0
24,14,429,1
62,10,1975,0
116,19,853,0
61,1,1428,0
123,1,792,0
101,11,2008,0
96,15,129,0
56,18,115,1
41,1,185,0
12,16,448,1
48,13,1776,1
102,15,396,0
137,4,1921,0
122,9,2034,0
73,16,108,1
163,12,827,0
49,15,568,1
141,8,1953,0
36,3,763,0
37,15,1917,1
130,10,1026,0
71,6,1310,0
34,16,1853,1
118,12,128,0
33,3,1631,0
135,13,1828,0
189,9,1873,0
34,9,1745,1
141,9,164,0
158,11,1035,0
134,1,1535,0
66,8,1699,0
7,4,175,1
178,7,1675,0
72,13,622,0
29,6,1014,1
183,6,549,0
145,8,878,0
48,2,1175,0
167,13,675,0
59,16,1247,1
141,17,501,0
134,11,1165,0
193,13,1768,0
45,12,434,1
176,13,1278,0
68,8,412,0
35,18,1780,1
51,1,1890,0
134,10,547,0
100,16,586,0
81,1,1307,0
114,18,65,0
73,6,1030,0
62,17,1214,1
110,12,2021,0
48,4,669,0
78,17,1493,1
60,15,1529,1
175,14,349,0
131,7,388,0
166,14,352,0
34,0,1965,0
75,16,641,1
122,14,125,0
59,13,1861,1
71,13,963,0
145,9,2023,0
7,1,829,0
30,5,1697,0
61,16,970,1
130,4,1389,0
156,4,1573,0
57,14,1148,1
47,14,1799,1
192,19,415,0
190,10,1619,0
53,4,702,0
46,0,1055,0
198,10,1751,0
15,10,445,1
107,5,1304,0
102,7,853,0
150,1,1101,0
89,14,1548,0
104,8,1368,0
108,14,894,0
184,7,1500,0
50,15,921,1
48,13,1164,1
26,14,164,1
185,19,1232,0
191,12,1331,0
118,8,422,0
129,0,899,0
128,5,139,0
34,7,806,1
12,19,1371,1
102,17,80,0
61,17,1902,1
115,16,407,0
77,15,1897,0
119,12,519,0
24,3,1813,0
29,3,1924,0
23,13,1201,1
9,4,1855,1
79,15,319,0
132,13,1571,0
76,13,1486,0
159,13,258,0
44,13,739,1
30,18,1379,1
31,2,1264,0
194,16,1430,0
87,13,506,0
132,9,498,0
182,12,117,0
174,3,1912,0
161,10,1852,0
171,14,1855,0
192,14,923,0
173,1,516,0
37,10,1433,1
101,1,1460,0
115,4,177,0
20,12,1849,1
27,0,782,0
139,6,1827,0
30,6,1558,1
100,9,1317,0
16,5,2012,1
76,19,1978,1
137,11,1092,0
110,12,1469,0
121,10,1740,0
181,17,1302,0
30,1,417,0
137,15,107,0
26,1,1354,0
17,18,606,1
160,5,1175,0
165,0,97,0
111,10,611,0
27,17,642,1
101,9,861,0
22,17,108,1
121,0,210,0
34,18,152,1
30,15,895,1
148,6,461,0
43,14,835,1
165,0,232,0
158,8,466,0
180,1,1189,0
197,16,1947,0
170,9,448,0
134,5,1006,0
117,4,828,0
138,7,1749,0
50,7,704,0
54,4,486,0
170,11,367,0
110,6,1889,0
150,12,655,0
159,12,1323,0
173,16,960,0
76,3,1520,0
78,17,546,1
21,9,1416,1
194,2,476,0
161,11,867,0
190,0,1901,0
74,10,1072,0
154,17,289,0
10,12,1132,1
30,16,1600,1
171,7,846,0
144,19,252,0
103,18,1822,0
146,16,1539,0
26,1,1369,0
55,2,336,0
155,2,122,0
180,5,775,0
108,9,1596,0
182,17,386,0
93,17,1810,0
145,13,1391,0
142,15,252,0
187,6,280,0
13,0,953,0
83,16,1636,0
56,4,1130,0
134,0,693,0
157,16,1493,0
17,9,964,1
55,11,329,1
190,19,858,0
38,1,1378,0
39,15,515,1
135,14,786,0
124,12,1247,0
191,17,853,0
74,19,315,1
180,13,296,0
196,17,127,0
151,1,1720,0
71,1,1725,0
107,2,903,0
77,4,302,0
120,15,524,0
137,14,225,0
71,11,1494,0
143,8,1020,0
125,13,2005,0
98,15,1645,0
133,10,1534,0
95,5,1937,0
96,9,303,0
67,7,1593,0
33,15,952,1
16,2,156,0
81,1,1244,0
45,15,107,1
134,18,1410,0
41,8,1415,0
177,15,991,0
180,3,1363,0
28,9,133,1
103,18,1190,0
154,12,761,0
104,17,1607,0
143,14,1292,0
62,3,1811,0
178,8,1990,0
33,3,1856,0
167,15,950,0
147,14,1175,0
64,1,706,0
99,13,505,0
46,2,708,0
47,3,822,0
78,0,840,0
181,8,900,0
196,16,575,0
164,13,315,0
68,16,1360,1
6,0,190,0
156,9,944,0
70,15,455,1
170,18,342,0
35,2,2008,0
119,11,1979,0
30,2,1104,0
33,14,1244,1
199,16,404,0
82,17,254,1
29,6,1551,1
52,18,1043,1
69,6,2005,0
185,4,340,0
71,7,160,0
94,15,1141,0
150,15,1768,0
141,18,422,0
42,14,245,1
91,6,175,0
153,4,1760,0
69,10,311,0
153,9,936,0
31,8,973,1
110,0,1871,0
127,19,204,0
48,0,1654,0
104,7,157,0
32,2,1496,0
177,1,84,0
21,3,1944,0
131,18,1117,0
127,10,704,0
172,4,772,0
135,9,1047,0
80,7,465,0
198,12,1049,0
50,4,334,0
162,11,1520,0
73,12,567,0
141,7,1803,0
89,14,76,0
15,12,276,1
73,0,1869,0
103,5,1974,0
95,10,1498,0
198,12,1641,0
163,19,1441,0
165,0,1383,0
171,10,897,0
98,10,1178,0
178,7,67,0
169,2,1278,0
119,18,92,0
192,11,138,0
35,5,635,0
15,7,206,1
91,4,1339,0
125,9,183,0
134,15,513,0
109,11,1674,0
31,16,1821,1
6,5,1205,1
107,8,790,0
105,9,1107,0
25,19,132,1
62,13,978,1
137,13,1205,0
184,16,1501,0
177,15,915,0
89,3,253,0
97,1,1872,0
24,15,1409,1
65,0,1011,0
42,2,546,0
152,10,491,0
29,15,877,1
134,17,1331,0
125,14,1365,0
164,8,2039,0
30,11,1198,1
173,17,2029,0
71,4,1736,0
5,7,920,1
55,2,1832,0
9,1,1248,0
17,18,1957,1
151,7,1565,0
144,1,918,0
52,18,1887,1
157,0,129,0
61,12,1692,0
119,19,861,0
39,16,964,1
80,2,1378,0
98,8,1583,0
9,4,1417,1
26,5,619,0
107,3,1164,0
189,16,1720,0
179,15,911,0
186,15,218,0
135,10,1407,0
128,1,1707,0
57,16,1061,1
163,14,285,0
73,17,448,1
108,9,637,0
165,5,870,0
182,15,1062,0
20,4,526,1
120,11,1608,0
80,5,894,0
113,13,634,0
43,15,1161,1
93,6,664,0
178,1,655,0
116,5,1010,0
51,8,1901,0
176,6,827,0
141,1,1326,0
132,18,407,0
182,7,1131,0
81,10,2016,0
192,3,1472,0
19,15,570,1
40,17,574,1
67,12,1992,0
73,4,1490,0
173,1,442,0
78,10,1716,0
28,0,1295,0
53,12,1402,1
150,4,1445,0
11,17,1584,1
8,13,202,1
94,12,942,0
64,6,1952,0
59,7,1033,0
20,17,529,1
33,6,632,0
155,19,2005,0
18,16,906,1
83,15,69,0
181,10,642,0
37,18,2023,1
157,0,277,0
25,7,1419,1
149,0,68,0
27,8,493,1
61,18,1750,1
190,8,417,0
146,9,948,0
97,10,1692,0
24,0,938,0
162,19,1933,0
23,7,775,1
185,19,1824,0
107,11,196,0
188,0,1766,0
81,9,1577,0
155,3,479,0
194,14,897,0
37,18,1513,1
22,5,247,1
77,4,1046,0
165,4,1360,0
164,17,614,0
193,2,418,0
186,1,1313,0
21,3,851,0
23,17,1360,1
74,8,749,0
124,18,1468,0
105,9,1045,0
38,14,567,1
88,0,1868,0
157,10,824,0
78,13,610,0
92,9,1937,0
89,18,1785,1
15,15,109,1
95,7,594,0
148,1,1066,0
193,6,352,0
131,18,1317,0
117,6,1757,0
84,14,1280,0
11,7,1448,1
20,13,332,1
20,0,527,0
172,12,1095,0
16,2,608,0
39,5,398,0
25,18,1562,1
182,14,2017,0
175,3,719,0
21,2,307,0
36,3,704,0
45,4,1120,0
138,17,1100,0
31,9,2040,1
152,7,1100,0
157,11,1470,0
70,2,2024,0
141,17,194,0
96,7,636,0
185,0,1772,0
65,13,571,1
170,12,1194,0
7,11,850,1
107,2,1535,0
59,17,1750,1
5,12,431,1
105,14,825,0
49,9,722,0
179,0,1976,0
30,5,1491,0
125,8,376,0
146,9,1464,0
186,14,1370,0
50,8,679,0
126,13,1896,0
35,10,1848,1
63,6,133,0
33,1,195,0
110,13,1244,0
21,5,1407,1
146,4,473,0
168,4,1382,0
190,18,1599,0
28,18,710,1
113,5,1954,0
195,9,812,0
95,13,618,0
29,16,396,1
191,2,1375,0
36,0,1995,0
120,9,396,0
86,2,457,0
114,4,182,0
150,18,1755,0
41,9,663,1
30,15,1037,1
141,0,155,0
68,5,220,0
76,8,689,0
152,4,1323,0
186,13,1617,0
110,9,1801,0
90,1,311,0
162,4,1915,0
57,0,543,0
96,9,1317,0
103,8,1524,0
195,2,952,0
15,14,1870,1
35,3,339,0
181,12,1336,0
104,5,1922,0
91,19,1918,1
151,16,1387,0
144,4,134,0
19,14,1488,1
163,7,1402,0
175,4,94,0
105,12,864,0
169,0,382,0
33,0,514,0
118,6,249,0
111,4,1274,0
158,13,378,0
112,14,1753,0
134,16,289,0
88,17,1957,0
19,6,847,1
136,17,751,0
54,18,632,1
170,19,706,0
27,6,1432,1
63,7,1974,0
94,12,770,0
119,17,409,0
79,10,1451,0
160,8,434,0
198,0,1793,0
127,7,1538,0
140,11,1295,0
161,1,848,0
143,14,1748,0
22,17,414,1
187,16,121,0
54,14,1313,1
146,19,553,0
122,19,1487,0
141,8,176,0
143,2,1560,0
195,19,1670,0
112,18,1600,0
71,17,1321,1
185,19,531,0
171,7,1385,0
82,0,1517,0
188,14,332,0
160,18,1075,0
79,9,123,0
43,11,1137,1
29,5,822,0
25,12,396,1
142,3,373,0
175,12,288,0
19,16,1470,1
52,0,386,0
90,4,390,0
153,16,1352,0
192,17,1426,0
120,6,995,0
54,15,941,1
155,7,1536,0
145,11,511,0
73,13,1786,0
8,18,1366,1
82,10,847,0
13,11,782,1
125,12,1480,0
119,7,211,0
167,0,1576,0
105,8,497,0
153,1,1768,0
190,13,1528,0
150,12,1958,0
101,15,314,0
85,1,1059,0
47,3,181,0
99,11,1907,0
10,15,169,1
71,9,1965,0
144,2,1292,0
104,3,1490,0
16,5,721,1
70,4,554,0
6,17,1373,1
147,2,158,0
155,9,1311,0
161,10,342,0
85,18,1037,1
139,13,1652,0
160,10,877,0
146,3,236,0
176,5,1109,0
162,16,1634,0
164,18,305,0
74,12,1508,0
119,9,1692,0
92,10,1081,0
10,5,797,1
31,1,1251,0
86,0,1315,0
92,10,90,0
124,15,1430,0
28,2,806,0
106,4,162,0
38,14,1950,1
172,14,817,0
51,3,1239,0
28,3,1577,0
69,7,903,0
22,6,127,1
48,16,768,1
80,14,1896,0
61,4,927,0
111,12,1269,0
160,3,451,0
128,16,882,0
155,16,113,0
166,13,701,0
143,13,935,0
167,16,1498,0
120,7,1115,0
97,1,422,0
46,12,2029,1
32,15,355,1
127,15,258,0
28,5,516,0
140,3,981,0
110,2,1377,0
122,5,2040,0
57,3,1658,0
136,17,1465,0
104,5,1226,0
9,4,696,1
53,8,411,0
102,10,1337,0
34,5,1289,0
76,15,770,0
107,18,765,0
67,10,1695,0
179,14,592,0
30,8,1597,1
189,18,1712,0
41,18,1898,1
11,8,243,1
131,3,701,0
172,9,1100,0
96,8,1119,0
171,18,696,0
194,14,1902,0
107,18,1003,0
57,1,1131,0
136,9,1086,0
112,18,998,0
116,16,1685,0
157,19,1010,0
11,1,98,0
160,18,852,0
71,16,1167,1
112,17,656,0
115,16,1730,0
152,1,1657,0
87,18,1524,1
128,0,1452,0
143,10,59,0
108,9,723,0
71,4,775,0
11,15,565,1
155,4,273,0
193,11,1454,0
114,3,1614,0
38,5,1375,0
110,18,252,0
151,8,991,0
62,11,638,0
13,14,620,1
52,15,1006,1
119,12,245,0
45,6,1395,0
52,19,467,1
177,3,1692,0
29,10,1415,1
120,7,1462,0
82,5,58,0
112,9,581,0
29,6,198,1
151,6,432,0
43,3,1602,0
123,2,1085,0
83,6,525,0
84,3,1667,0
31,12,628,1
108,19,1718,0
78,16,2029,1
195,6,1126,0
72,16,1509,1
151,3,255,0
32,10,2017,1
127,2,1035,0
165,10,964,0
142,2,794,0
87,11,962,0
34,0,103,0
26,3,1051,0
7,13,1653,1
105,0,1563,0
109,13,1876,0
180,12,393,0
6,12,1242,1
58,14,1982,1
10,16,1234,1
111,11,1600,0
172,13,752,0
127,11,576,0
6,17,1360,1
115,3,1948,0
6,13,461,1
97,18,1595,0
187,12,618,0
105,17,248,0
192,10,1234,0
101,5,824,0
115,8,438,0
10,11,523,1
131,18,1454,0
108,13,814,0
151,14,1704,0
159,10,641,0
5,5,1197,1
37,13,1898,1
44,2,1145,0
36,18,1031,1
21,19,1043,1
130,10,217,0
12,16,333,1
61,16,1567,1
46,2,1109,0
102,13,873,0
141,6,1248,0
124,18,1272,0
91,2,1189,0
167,1,2009,0
185,16,1388,0
58,8,2012,0
88,5,1293,0
29,8,940,1
71,4,1651,0
194,1,1850,0
187,14,183,0
178,8,1704,0
156,18,171,0
50,9,882,0
26,3,1972,0
143,9,1071,0
180,7,2043,0
12,12,1494,1
43,6,944,0
167,6,1565,0
53,3,1672,0
50,14,338,1
42,11,1722,1
140,15,1126,0
58,5,1278,0
169,8,1421,0
96,2,1124,0
44,7,888,0
38,6,1995,0
100,3,961,0
83,12,89,0
131,18,299,0
21,6,267,1
165,9,228,0
179,11,1624,0
114,2,232,0
56,11,1809,0
122,18,1237,0
13,14,1819,1
37,7,1450,0
192,11,754,0
117,19,546,0
153,5,646,0
190,9,510,0
89,1,1828,0
14,12,523,1
10,6,734,1
119,7,1978,0
125,15,1110,0
145,10,1672,0
69,3,1714,0
24,16,1779,1
61,15,368,1
50,18,1628,1
140,10,1485,0
14,6,405,1
117,12,1744,0
199,18,666,0
143,16,2038,0
16,12,278,1
142,11,778,0
157,6,1337,0
181,0,2003,0
181,0,1560,0
15,19,610,1
194,13,1425,0
122,14,1515,0
168,10,684,0
43,8,508,0
57,16,1888,1
60,3,74,0
108,19,1204,0
133,18,2014,0
60,6,419,0
122,0,1509,0
136,8,1297,0
34,12,1061,1
16,1,660,0
39,1,1425,0
81,14,1875,0
184,16,1558,0
163,12,1270,0
106,6,158,0
91,8,1933,0
56,11,1293,0
84,2,1849,0
139,14,1996,0
26,6,769,1
79,0,1392,0
188,13,1155,0
62,18,1610,1
97,15,1771,0
196,9,481,0
107,0,1970,0
144,4,1081,0
11,2,685,0
132,16,1222,0
59,17,1171,1
110,18,1801,0
66,17,1174,1
94,15,1803,0
102,1,416,0
81,14,1535,0
187,12,974,0
123,12,463,0
40,15,1332,1
93,7,1976,0
156,10,405,0
176,7,60,0
149,9,1489,0
134,0,1644,0
145,11,1323,0
163,8,1725,0
97,4,1920,0
118,8,1623,0
32,15,1195,1
192,17,1993,0
159,7,114,0
147,10,1731,0
37,19,1375,1
24,18,174,1
174,3,361,0
144,19,1264,0
105,9,824,0
27,12,1051,1
116,19,922,0
18,13,1523,1
95,1,1881,0
157,3,743,0
81,6,1232,0
89,18,1426,1
113,16,1893,0
35,15,1039,1
126,12,848,0
111,17,723,0
58,11,1336,0
137,0,1802,0
145,14,961,0
160,2,455,0
47,5,1045,0
93,13,1766,0
119,5,1676,0
103,0,1090,0
51,19,686,1
75,5,1333,0
170,7,2030,0
71,14,939,0
66,13,1428,0
113,15,538,0
171,19,1287,0
41,15,288,1
123,18,229,0
90,0,1492,0
130,3,1757,0
140,9,1216,0
56,19,366,1
95,17,1317,0
37,1,281,0
85,3,1757,0
46,14,1862,1
116,3,1662,0
130,15,1376,0
159,14,380,0
140,17,610,0
155,6,998,0
110,14,297,0
129,10,332,0
117,18,1360,0
68,7,989,0
127,0,81,0
118,2,1573,0
24,4,1743,0
20,17,579,1
149,11,430,0
23,11,112,1
124,18,177,0
140,8,1601,0
170,10,212,0
42,16,1007,1
185,15,1324,0
97,3,1722,0
109,9,1903,0
104,14,344,0
94,18,228,0
163,2,278,0
48,4,932,0
192,10,443,0
80,4,741,0
149,6,1469,0
83,5,121,0
77,12,367,0
171,1,1972,0
174,18,644,0
180,10,428,0
144,19,956,0
100,4,185,0
93,8,779,0
107,5,1694,0
150,16,1451,0
10,18,1992,1
126,7,1192,0
175,6,955,0
120,4,579,0
167,14,1917,0
186,9,984,0
66,15,715,1
148,8,572,0
140,6,1723,0
93,10,436,0
100,8,623,0
130,16,632,0
94,8,622,0
90,2,693,0
163,7,622,0
142,18,1977,0
188,19,919,0
125,15,1342,0
80,6,1597,0
96,6,596,0
74,19,1559,1
152,12,487,0
137,2,1636,0
27,11,604,1
141,7,1813,0
62,12,160,0
191,19,1395,0
186,15,576,0
50,6,226,0
26,3,723,0
196,11,1624,0
12,16,1611,1
127,0,673,0
24,16,2038,1
183,1,993,0
82,5,522,0
43,11,1636,1
41,10,1043,1
182,10,928,0
166,17,1461,0
79,7,1171,0
122,6,1484,0
108,13,1448,0
165,15,219,0
35,11,1063,1
127,8,105,0
58,19,1806,1
176,15,374,0
38,18,707,1
126,15,1006,0
117,8,309,0
66,12,690,0
27,4,611,0
50,18,389,1
60,9,1911,0
139,6,453,0
122,8,581,0
193,13,1247,0
135,14,844,0
170,12,1611,0
166,9,1233,0
117,13,1083,0
48,11,643,1
132,18,1329,0
112,5,666,0
162,11,701,0
21,12,763,1
63,7,393,0
142,15,1609,0
103,1,1446,0
88,6,1508,0
150,11,2007,0
49,6,95,0
112,18,1802,0
191,13,953,0
66,8,104,0
63,17,1151,1
181,10,1564,0
195,15,1744,0
164,18,905,0
142,10,1345,0
15,17,709,1
106,10,1623,0
74,3,160,0
127,17,1088,0
194,18,127,0
179,12,550,0
38,3,637,0
105,9,467,0
149,4,1913,0
108,2,324,0
186,15,1567,0
44,7,1270,0
23,6,1449,1
71,18,1804,1
86,13,1136,0
185,14,1434,0
68,16,1022,1
87,0,1617,0
51,5,1040,0
10,14,1818,1
20,11,1183,1
150,19,1750,0
184,1,243,0
180,4,1592,0
175,8,2017,0
43,19,1724,1
181,13,1532,0
117,17,904,0
144,7,848,0
142,1,2013,0
75,8,350,0
114,6,1017,0
59,17,617,1
133,15,721,0
53,4,1569,0
168,14,198,0
25,4,1872,0
41,10,818,1
120,13,1534,0
28,18,188,1
59,2,910,0
29,9,1909,1
139,5,341,0
131,2,384,0
97,1,748,0
98,12,1908,0
75,17,1257,1
126,1,356,0
28,14,974,1
15,4,1030,1
77,14,947,0
16,16,1335,1
39,1,976,0
195,17,1383,0
189,14,393,0
145,19,1497,0
27,2,706,0
87,4,1846,0
171,10,1587,0
92,8,1899,0
84,4,1597,0
101,0,310,0
144,13,1435,0
38,4,2029,0
79,7,218,0
163,13,709,0
132,15,249,0
194,5,1458,0
145,7,1385,0
35,1,631,0
134,18,1385,0
107,8,615,0
